scenario,scenario_key,name,budget,source_set,rate,seed,n_expected_steps,step_recall,chain_recall,reconstructability,n_events_pre_sampling,n_events
SC1,sc1,Stegano,single,azure_conn,1.0,0,4,0.0,0.0,0.0,5746,5746
SC1,sc1,Stegano,single,azure_process,1.0,0,4,0.25,0.25,0.25,345,345
SC1,sc1,Stegano,single,azure_security,1.0,0,4,0.0,0.0,0.0,334,334
SC1,sc1,Stegano,single,azure_events,1.0,0,4,0.0,0.0,0.0,1000,1000
SC1,sc1,Stegano,single,azure_port,1.0,0,4,0.0,0.0,0.0,1109,1109
SC1,sc1,Stegano,single,azure_conn,1.0,1,4,0.0,0.0,0.0,5746,5746
SC1,sc1,Stegano,single,azure_process,1.0,1,4,0.25,0.25,0.25,345,345
SC1,sc1,Stegano,single,azure_security,1.0,1,4,0.0,0.0,0.0,334,334
SC1,sc1,Stegano,single,azure_events,1.0,1,4,0.0,0.0,0.0,1000,1000
SC1,sc1,Stegano,single,azure_port,1.0,1,4,0.0,0.0,0.0,1109,1109
SC1,sc1,Stegano,single,azure_conn,1.0,2,4,0.0,0.0,0.0,5746,5746
SC1,sc1,Stegano,single,azure_process,1.0,2,4,0.25,0.25,0.25,345,345
SC1,sc1,Stegano,single,azure_security,1.0,2,4,0.0,0.0,0.0,334,334
SC1,sc1,Stegano,single,azure_events,1.0,2,4,0.0,0.0,0.0,1000,1000
SC1,sc1,Stegano,single,azure_port,1.0,2,4,0.0,0.0,0.0,1109,1109
SC1,sc1,Stegano,single,azure_conn,1.0,3,4,0.0,0.0,0.0,5746,5746
SC1,sc1,Stegano,single,azure_process,1.0,3,4,0.25,0.25,0.25,345,345
SC1,sc1,Stegano,single,azure_security,1.0,3,4,0.0,0.0,0.0,334,334
SC1,sc1,Stegano,single,azure_events,1.0,3,4,0.0,0.0,0.0,1000,1000
SC1,sc1,Stegano,single,azure_port,1.0,3,4,0.0,0.0,0.0,1109,1109
SC1,sc1,Stegano,single,azure_conn,1.0,4,4,0.0,0.0,0.0,5746,5746
SC1,sc1,Stegano,single,azure_process,1.0,4,4,0.25,0.25,0.25,345,345
SC1,sc1,Stegano,single,azure_security,1.0,4,4,0.0,0.0,0.0,334,334
SC1,sc1,Stegano,single,azure_events,1.0,4,4,0.0,0.0,0.0,1000,1000
SC1,sc1,Stegano,single,azure_port,1.0,4,4,0.0,0.0,0.0,1109,1109
SC1,sc1,Stegano,single,azure_conn,0.75,0,4,0.0,0.0,0.0,5746,4306
SC1,sc1,Stegano,single,azure_process,0.75,0,4,0.25,0.25,0.25,345,257
SC1,sc1,Stegano,single,azure_security,0.75,0,4,0.0,0.0,0.0,334,245
SC1,sc1,Stegano,single,azure_events,0.75,0,4,0.0,0.0,0.0,1000,747
SC1,sc1,Stegano,single,azure_port,0.75,0,4,0.0,0.0,0.0,1109,831
SC1,sc1,Stegano,single,azure_conn,0.75,1,4,0.0,0.0,0.0,5746,4299
SC1,sc1,Stegano,single,azure_process,0.75,1,4,0.25,0.25,0.25,345,258
SC1,sc1,Stegano,single,azure_security,0.75,1,4,0.0,0.0,0.0,334,249
SC1,sc1,Stegano,single,azure_events,0.75,1,4,0.0,0.0,0.0,1000,754
SC1,sc1,Stegano,single,azure_port,0.75,1,4,0.0,0.0,0.0,1109,826
SC1,sc1,Stegano,single,azure_conn,0.75,2,4,0.0,0.0,0.0,5746,4288
SC1,sc1,Stegano,single,azure_process,0.75,2,4,0.25,0.25,0.25,345,256
SC1,sc1,Stegano,single,azure_security,0.75,2,4,0.0,0.0,0.0,334,261
SC1,sc1,Stegano,single,azure_events,0.75,2,4,0.0,0.0,0.0,1000,766
SC1,sc1,Stegano,single,azure_port,0.75,2,4,0.0,0.0,0.0,1109,833
SC1,sc1,Stegano,single,azure_conn,0.75,3,4,0.0,0.0,0.0,5746,4278
SC1,sc1,Stegano,single,azure_process,0.75,3,4,0.25,0.25,0.25,345,258
SC1,sc1,Stegano,single,azure_security,0.75,3,4,0.0,0.0,0.0,334,254
SC1,sc1,Stegano,single,azure_events,0.75,3,4,0.0,0.0,0.0,1000,731
SC1,sc1,Stegano,single,azure_port,0.75,3,4,0.0,0.0,0.0,1109,835
SC1,sc1,Stegano,single,azure_conn,0.75,4,4,0.0,0.0,0.0,5746,4330
SC1,sc1,Stegano,single,azure_process,0.75,4,4,0.25,0.25,0.25,345,263
SC1,sc1,Stegano,single,azure_security,0.75,4,4,0.0,0.0,0.0,334,246
SC1,sc1,Stegano,single,azure_events,0.75,4,4,0.0,0.0,0.0,1000,755
SC1,sc1,Stegano,single,azure_port,0.75,4,4,0.0,0.0,0.0,1109,831
SC1,sc1,Stegano,single,azure_conn,0.5,0,4,0.0,0.0,0.0,5746,2866
SC1,sc1,Stegano,single,azure_process,0.5,0,4,0.25,0.25,0.25,345,169
SC1,sc1,Stegano,single,azure_security,0.5,0,4,0.0,0.0,0.0,334,158
SC1,sc1,Stegano,single,azure_events,0.5,0,4,0.0,0.0,0.0,1000,505
SC1,sc1,Stegano,single,azure_port,0.5,0,4,0.0,0.0,0.0,1109,527
SC1,sc1,Stegano,single,azure_conn,0.5,1,4,0.0,0.0,0.0,5746,2898
SC1,sc1,Stegano,single,azure_process,0.5,1,4,0.25,0.25,0.25,345,177
SC1,sc1,Stegano,single,azure_security,0.5,1,4,0.0,0.0,0.0,334,159
SC1,sc1,Stegano,single,azure_events,0.5,1,4,0.0,0.0,0.0,1000,499
SC1,sc1,Stegano,single,azure_port,0.5,1,4,0.0,0.0,0.0,1109,549
SC1,sc1,Stegano,single,azure_conn,0.5,2,4,0.0,0.0,0.0,5746,2910
SC1,sc1,Stegano,single,azure_process,0.5,2,4,0.25,0.25,0.25,345,157
SC1,sc1,Stegano,single,azure_security,0.5,2,4,0.0,0.0,0.0,334,167
SC1,sc1,Stegano,single,azure_events,0.5,2,4,0.0,0.0,0.0,1000,531
SC1,sc1,Stegano,single,azure_port,0.5,2,4,0.0,0.0,0.0,1109,552
SC1,sc1,Stegano,single,azure_conn,0.5,3,4,0.0,0.0,0.0,5746,2831
SC1,sc1,Stegano,single,azure_process,0.5,3,4,0.25,0.25,0.25,345,158
SC1,sc1,Stegano,single,azure_security,0.5,3,4,0.0,0.0,0.0,334,161
SC1,sc1,Stegano,single,azure_events,0.5,3,4,0.0,0.0,0.0,1000,485
SC1,sc1,Stegano,single,azure_port,0.5,3,4,0.0,0.0,0.0,1109,517
SC1,sc1,Stegano,single,azure_conn,0.5,4,4,0.0,0.0,0.0,5746,2893
SC1,sc1,Stegano,single,azure_process,0.5,4,4,0.25,0.25,0.25,345,173
SC1,sc1,Stegano,single,azure_security,0.5,4,4,0.0,0.0,0.0,334,166
SC1,sc1,Stegano,single,azure_events,0.5,4,4,0.0,0.0,0.0,1000,529
SC1,sc1,Stegano,single,azure_port,0.5,4,4,0.0,0.0,0.0,1109,537
SC1,sc1,Stegano,single,azure_conn,0.25,0,4,0.0,0.0,0.0,5746,1493
SC1,sc1,Stegano,single,azure_process,0.25,0,4,0.25,0.25,0.25,345,86
SC1,sc1,Stegano,single,azure_security,0.25,0,4,0.0,0.0,0.0,334,73
SC1,sc1,Stegano,single,azure_events,0.25,0,4,0.0,0.0,0.0,1000,254
SC1,sc1,Stegano,single,azure_port,0.25,0,4,0.0,0.0,0.0,1109,238
SC1,sc1,Stegano,single,azure_conn,0.25,1,4,0.0,0.0,0.0,5746,1386
SC1,sc1,Stegano,single,azure_process,0.25,1,4,0.25,0.25,0.25,345,86
SC1,sc1,Stegano,single,azure_security,0.25,1,4,0.0,0.0,0.0,334,75
SC1,sc1,Stegano,single,azure_events,0.25,1,4,0.0,0.0,0.0,1000,256
SC1,sc1,Stegano,single,azure_port,0.25,1,4,0.0,0.0,0.0,1109,284
SC1,sc1,Stegano,single,azure_conn,0.25,2,4,0.0,0.0,0.0,5746,1495
SC1,sc1,Stegano,single,azure_process,0.25,2,4,0.25,0.25,0.25,345,77
SC1,sc1,Stegano,single,azure_security,0.25,2,4,0.0,0.0,0.0,334,79
SC1,sc1,Stegano,single,azure_events,0.25,2,4,0.0,0.0,0.0,1000,272
SC1,sc1,Stegano,single,azure_port,0.25,2,4,0.0,0.0,0.0,1109,296
SC1,sc1,Stegano,single,azure_conn,0.25,3,4,0.0,0.0,0.0,5746,1445
SC1,sc1,Stegano,single,azure_process,0.25,3,4,0.25,0.25,0.25,345,83
SC1,sc1,Stegano,single,azure_security,0.25,3,4,0.0,0.0,0.0,334,88
SC1,sc1,Stegano,single,azure_events,0.25,3,4,0.0,0.0,0.0,1000,251
SC1,sc1,Stegano,single,azure_port,0.25,3,4,0.0,0.0,0.0,1109,249
SC1,sc1,Stegano,single,azure_conn,0.25,4,4,0.0,0.0,0.0,5746,1471
SC1,sc1,Stegano,single,azure_process,0.25,4,4,0.25,0.25,0.25,345,79
SC1,sc1,Stegano,single,azure_security,0.25,4,4,0.0,0.0,0.0,334,79
SC1,sc1,Stegano,single,azure_events,0.25,4,4,0.0,0.0,0.0,1000,264
SC1,sc1,Stegano,single,azure_port,0.25,4,4,0.0,0.0,0.0,1109,258
SC1,sc1,Stegano,single,azure_conn,0.1,0,4,0.0,0.0,0.0,5746,584
SC1,sc1,Stegano,single,azure_process,0.1,0,4,0.0,0.0,0.0,345,31
SC1,sc1,Stegano,single,azure_security,0.1,0,4,0.0,0.0,0.0,334,35
SC1,sc1,Stegano,single,azure_events,0.1,0,4,0.0,0.0,0.0,1000,110
SC1,sc1,Stegano,single,azure_port,0.1,0,4,0.0,0.0,0.0,1109,88
SC1,sc1,Stegano,single,azure_conn,0.1,1,4,0.0,0.0,0.0,5746,560
SC1,sc1,Stegano,single,azure_process,0.1,1,4,0.25,0.25,0.25,345,35
SC1,sc1,Stegano,single,azure_security,0.1,1,4,0.0,0.0,0.0,334,29
SC1,sc1,Stegano,single,azure_events,0.1,1,4,0.0,0.0,0.0,1000,94
SC1,sc1,Stegano,single,azure_port,0.1,1,4,0.0,0.0,0.0,1109,118
SC1,sc1,Stegano,single,azure_conn,0.1,2,4,0.0,0.0,0.0,5746,606
SC1,sc1,Stegano,single,azure_process,0.1,2,4,0.0,0.0,0.0,345,36
SC1,sc1,Stegano,single,azure_security,0.1,2,4,0.0,0.0,0.0,334,33
SC1,sc1,Stegano,single,azure_events,0.1,2,4,0.0,0.0,0.0,1000,116
SC1,sc1,Stegano,single,azure_port,0.1,2,4,0.0,0.0,0.0,1109,117
SC1,sc1,Stegano,single,azure_conn,0.1,3,4,0.0,0.0,0.0,5746,570
SC1,sc1,Stegano,single,azure_process,0.1,3,4,0.25,0.25,0.25,345,32
SC1,sc1,Stegano,single,azure_security,0.1,3,4,0.0,0.0,0.0,334,35
SC1,sc1,Stegano,single,azure_events,0.1,3,4,0.0,0.0,0.0,1000,97
SC1,sc1,Stegano,single,azure_port,0.1,3,4,0.0,0.0,0.0,1109,107
SC1,sc1,Stegano,single,azure_conn,0.1,4,4,0.0,0.0,0.0,5746,618
SC1,sc1,Stegano,single,azure_process,0.1,4,4,0.0,0.0,0.0,345,34
SC1,sc1,Stegano,single,azure_security,0.1,4,4,0.0,0.0,0.0,334,34
SC1,sc1,Stegano,single,azure_events,0.1,4,4,0.0,0.0,0.0,1000,97
SC1,sc1,Stegano,single,azure_port,0.1,4,4,0.0,0.0,0.0,1109,99
SC1,sc1,Stegano,multi,azure_conn+azure_process+azure_security+azure_events+azure_port,1.0,0,4,0.25,0.25,0.25,8534,8534
SC1,sc1,Stegano,multi,azure_conn+azure_process+azure_security+azure_events+azure_port,1.0,1,4,0.25,0.25,0.25,8534,8534
SC1,sc1,Stegano,multi,azure_conn+azure_process+azure_security+azure_events+azure_port,1.0,2,4,0.25,0.25,0.25,8534,8534
SC1,sc1,Stegano,multi,azure_conn+azure_process+azure_security+azure_events+azure_port,1.0,3,4,0.25,0.25,0.25,8534,8534
SC1,sc1,Stegano,multi,azure_conn+azure_process+azure_security+azure_events+azure_port,1.0,4,4,0.25,0.25,0.25,8534,8534
SC1,sc1,Stegano,multi,azure_conn+azure_process+azure_security+azure_events+azure_port,0.75,0,4,0.25,0.25,0.25,8534,6386
SC1,sc1,Stegano,multi,azure_conn+azure_process+azure_security+azure_events+azure_port,0.75,1,4,0.25,0.25,0.25,8534,6386
SC1,sc1,Stegano,multi,azure_conn+azure_process+azure_security+azure_events+azure_port,0.75,2,4,0.25,0.25,0.25,8534,6404
SC1,sc1,Stegano,multi,azure_conn+azure_process+azure_security+azure_events+azure_port,0.75,3,4,0.25,0.25,0.25,8534,6356
SC1,sc1,Stegano,multi,azure_conn+azure_process+azure_security+azure_events+azure_port,0.75,4,4,0.25,0.25,0.25,8534,6425
SC1,sc1,Stegano,multi,azure_conn+azure_process+azure_security+azure_events+azure_port,0.5,0,4,0.25,0.25,0.25,8534,4225
SC1,sc1,Stegano,multi,azure_conn+azure_process+azure_security+azure_events+azure_port,0.5,1,4,0.25,0.25,0.25,8534,4282
SC1,sc1,Stegano,multi,azure_conn+azure_process+azure_security+azure_events+azure_port,0.5,2,4,0.25,0.25,0.25,8534,4317
SC1,sc1,Stegano,multi,azure_conn+azure_process+azure_security+azure_events+azure_port,0.5,3,4,0.25,0.25,0.25,8534,4152
SC1,sc1,Stegano,multi,azure_conn+azure_process+azure_security+azure_events+azure_port,0.5,4,4,0.25,0.25,0.25,8534,4298
SC1,sc1,Stegano,multi,azure_conn+azure_process+azure_security+azure_events+azure_port,0.25,0,4,0.25,0.25,0.25,8534,2144
SC1,sc1,Stegano,multi,azure_conn+azure_process+azure_security+azure_events+azure_port,0.25,1,4,0.25,0.25,0.25,8534,2087
SC1,sc1,Stegano,multi,azure_conn+azure_process+azure_security+azure_events+azure_port,0.25,2,4,0.25,0.25,0.25,8534,2219
SC1,sc1,Stegano,multi,azure_conn+azure_process+azure_security+azure_events+azure_port,0.25,3,4,0.25,0.25,0.25,8534,2116
SC1,sc1,Stegano,multi,azure_conn+azure_process+azure_security+azure_events+azure_port,0.25,4,4,0.25,0.25,0.25,8534,2151
SC1,sc1,Stegano,multi,azure_conn+azure_process+azure_security+azure_events+azure_port,0.1,0,4,0.0,0.0,0.0,8534,848
SC1,sc1,Stegano,multi,azure_conn+azure_process+azure_security+azure_events+azure_port,0.1,1,4,0.25,0.25,0.25,8534,836
SC1,sc1,Stegano,multi,azure_conn+azure_process+azure_security+azure_events+azure_port,0.1,2,4,0.0,0.0,0.0,8534,908
SC1,sc1,Stegano,multi,azure_conn+azure_process+azure_security+azure_events+azure_port,0.1,3,4,0.25,0.25,0.25,8534,841
SC1,sc1,Stegano,multi,azure_conn+azure_process+azure_security+azure_events+azure_port,0.1,4,4,0.0,0.0,0.0,8534,882
SC2,sc2,Starter,single,azure_events,1.0,0,4,0.5,0.5,0.5,44246,44246
SC2,sc2,Starter,single,syslog,1.0,0,4,0.5,0.5,0.5,9732,9732
SC2,sc2,Starter,single,azure_events,1.0,1,4,0.5,0.5,0.5,44246,44246
SC2,sc2,Starter,single,syslog,1.0,1,4,0.5,0.5,0.5,9732,9732
SC2,sc2,Starter,single,azure_events,1.0,2,4,0.5,0.5,0.5,44246,44246
SC2,sc2,Starter,single,syslog,1.0,2,4,0.5,0.5,0.5,9732,9732
SC2,sc2,Starter,single,azure_events,1.0,3,4,0.5,0.5,0.5,44246,44246
SC2,sc2,Starter,single,syslog,1.0,3,4,0.5,0.5,0.5,9732,9732
SC2,sc2,Starter,single,azure_events,1.0,4,4,0.5,0.5,0.5,44246,44246
SC2,sc2,Starter,single,syslog,1.0,4,4,0.5,0.5,0.5,9732,9732
SC2,sc2,Starter,single,azure_events,0.75,0,4,0.5,0.5,0.5,44246,33050
SC2,sc2,Starter,single,syslog,0.75,0,4,0.5,0.5,0.5,9732,7288
SC2,sc2,Starter,single,azure_events,0.75,1,4,0.5,0.5,0.5,44246,33089
SC2,sc2,Starter,single,syslog,0.75,1,4,0.5,0.5,0.5,9732,7294
SC2,sc2,Starter,single,azure_events,0.75,2,4,0.5,0.5,0.5,44246,33158
SC2,sc2,Starter,single,syslog,0.75,2,4,0.5,0.5,0.5,9732,7332
SC2,sc2,Starter,single,azure_events,0.75,3,4,0.5,0.5,0.5,44246,33140
SC2,sc2,Starter,single,syslog,0.75,3,4,0.5,0.5,0.5,9732,7309
SC2,sc2,Starter,single,azure_events,0.75,4,4,0.5,0.5,0.5,44246,33132
SC2,sc2,Starter,single,syslog,0.75,4,4,0.5,0.5,0.5,9732,7193
SC2,sc2,Starter,single,azure_events,0.5,0,4,0.5,0.5,0.5,44246,21923
SC2,sc2,Starter,single,syslog,0.5,0,4,0.5,0.5,0.5,9732,4831
SC2,sc2,Starter,single,azure_events,0.5,1,4,0.5,0.5,0.5,44246,22100
SC2,sc2,Starter,single,syslog,0.5,1,4,0.5,0.5,0.5,9732,4835
SC2,sc2,Starter,single,azure_events,0.5,2,4,0.5,0.5,0.5,44246,22126
SC2,sc2,Starter,single,syslog,0.5,2,4,0.5,0.5,0.5,9732,4891
SC2,sc2,Starter,single,azure_events,0.5,3,4,0.5,0.5,0.5,44246,22186
SC2,sc2,Starter,single,syslog,0.5,3,4,0.5,0.25,0.5,9732,4883
SC2,sc2,Starter,single,azure_events,0.5,4,4,0.5,0.5,0.5,44246,22117
SC2,sc2,Starter,single,syslog,0.5,4,4,0.5,0.5,0.5,9732,4798
SC2,sc2,Starter,single,azure_events,0.25,0,4,0.5,0.5,0.5,44246,11071
SC2,sc2,Starter,single,syslog,0.25,0,4,0.5,0.5,0.5,9732,2409
SC2,sc2,Starter,single,azure_events,0.25,1,4,0.25,0.25,0.25,44246,11039
SC2,sc2,Starter,single,syslog,0.25,1,4,0.25,0.25,0.25,9732,2443
SC2,sc2,Starter,single,azure_events,0.25,2,4,0.5,0.5,0.5,44246,10915
SC2,sc2,Starter,single,syslog,0.25,2,4,0.5,0.5,0.5,9732,2478
SC2,sc2,Starter,single,azure_events,0.25,3,4,0.5,0.5,0.5,44246,11194
SC2,sc2,Starter,single,syslog,0.25,3,4,0.25,0.25,0.25,9732,2493
SC2,sc2,Starter,single,azure_events,0.25,4,4,0.25,0.25,0.25,44246,11125
SC2,sc2,Starter,single,syslog,0.25,4,4,0.5,0.5,0.5,9732,2333
SC2,sc2,Starter,single,azure_events,0.1,0,4,0.5,0.5,0.5,44246,4460
SC2,sc2,Starter,single,syslog,0.1,0,4,0.25,0.25,0.25,9732,986
SC2,sc2,Starter,single,azure_events,0.1,1,4,0.25,0.25,0.25,44246,4440
SC2,sc2,Starter,single,syslog,0.1,1,4,0.0,0.0,0.0,9732,1073
SC2,sc2,Starter,single,azure_events,0.1,2,4,0.5,0.5,0.5,44246,4327
SC2,sc2,Starter,single,syslog,0.1,2,4,0.0,0.0,0.0,9732,1021
SC2,sc2,Starter,single,azure_events,0.1,3,4,0.25,0.25,0.25,44246,4502
SC2,sc2,Starter,single,syslog,0.1,3,4,0.0,0.0,0.0,9732,996
SC2,sc2,Starter,single,azure_events,0.1,4,4,0.25,0.25,0.25,44246,4458
SC2,sc2,Starter,single,syslog,0.1,4,4,0.5,0.5,0.5,9732,959
SC2,sc2,Starter,combo2,syslog+azure_events,1.0,0,4,0.75,0.75,0.75,53978,53978
SC2,sc2,Starter,combo2,syslog+azure_events,1.0,1,4,0.75,0.75,0.75,53978,53978
SC2,sc2,Starter,combo2,syslog+azure_events,1.0,2,4,0.75,0.75,0.75,53978,53978
SC2,sc2,Starter,combo2,syslog+azure_events,1.0,3,4,0.75,0.75,0.75,53978,53978
SC2,sc2,Starter,combo2,syslog+azure_events,1.0,4,4,0.75,0.75,0.75,53978,53978
SC2,sc2,Starter,combo2,syslog+azure_events,0.75,0,4,0.75,0.75,0.75,53978,40338
SC2,sc2,Starter,combo2,syslog+azure_events,0.75,1,4,0.75,0.75,0.75,53978,40383
SC2,sc2,Starter,combo2,syslog+azure_events,0.75,2,4,0.75,0.75,0.75,53978,40490
SC2,sc2,Starter,combo2,syslog+azure_events,0.75,3,4,0.75,0.75,0.75,53978,40449
SC2,sc2,Starter,combo2,syslog+azure_events,0.75,4,4,0.75,0.75,0.75,53978,40325
SC2,sc2,Starter,combo2,syslog+azure_events,0.5,0,4,0.75,0.75,0.75,53978,26754
SC2,sc2,Starter,combo2,syslog+azure_events,0.5,1,4,0.75,0.75,0.75,53978,26935
SC2,sc2,Starter,combo2,syslog+azure_events,0.5,2,4,0.75,0.75,0.75,53978,27017
SC2,sc2,Starter,combo2,syslog+azure_events,0.5,3,4,0.75,0.75,0.75,53978,27069
SC2,sc2,Starter,combo2,syslog+azure_events,0.5,4,4,0.75,0.75,0.75,53978,26915
SC2,sc2,Starter,combo2,syslog+azure_events,0.25,0,4,0.75,0.75,0.75,53978,13480
SC2,sc2,Starter,combo2,syslog+azure_events,0.25,1,4,0.25,0.25,0.25,53978,13482
SC2,sc2,Starter,combo2,syslog+azure_events,0.25,2,4,0.75,0.75,0.75,53978,13393
SC2,sc2,Starter,combo2,syslog+azure_events,0.25,3,4,0.75,0.75,0.75,53978,13687
SC2,sc2,Starter,combo2,syslog+azure_events,0.25,4,4,0.5,0.5,0.5,53978,13458
SC2,sc2,Starter,combo2,syslog+azure_events,0.1,0,4,0.5,0.5,0.5,53978,5446
SC2,sc2,Starter,combo2,syslog+azure_events,0.1,1,4,0.25,0.25,0.25,53978,5513
SC2,sc2,Starter,combo2,syslog+azure_events,0.1,2,4,0.5,0.5,0.5,53978,5348
SC2,sc2,Starter,combo2,syslog+azure_events,0.1,3,4,0.25,0.25,0.25,53978,5498
SC2,sc2,Starter,combo2,syslog+azure_events,0.1,4,4,0.5,0.5,0.5,53978,5417
SC2,sc2,Starter,multi,azure_events+syslog,1.0,0,4,0.75,0.75,0.75,53978,53978
SC2,sc2,Starter,multi,azure_events+syslog,1.0,1,4,0.75,0.75,0.75,53978,53978
SC2,sc2,Starter,multi,azure_events+syslog,1.0,2,4,0.75,0.75,0.75,53978,53978
SC2,sc2,Starter,multi,azure_events+syslog,1.0,3,4,0.75,0.75,0.75,53978,53978
SC2,sc2,Starter,multi,azure_events+syslog,1.0,4,4,0.75,0.75,0.75,53978,53978
SC2,sc2,Starter,multi,azure_events+syslog,0.75,0,4,0.75,0.75,0.75,53978,40338
SC2,sc2,Starter,multi,azure_events+syslog,0.75,1,4,0.75,0.75,0.75,53978,40383
SC2,sc2,Starter,multi,azure_events+syslog,0.75,2,4,0.75,0.75,0.75,53978,40490
SC2,sc2,Starter,multi,azure_events+syslog,0.75,3,4,0.75,0.75,0.75,53978,40449
SC2,sc2,Starter,multi,azure_events+syslog,0.75,4,4,0.75,0.75,0.75,53978,40325
SC2,sc2,Starter,multi,azure_events+syslog,0.5,0,4,0.75,0.75,0.75,53978,26754
SC2,sc2,Starter,multi,azure_events+syslog,0.5,1,4,0.75,0.75,0.75,53978,26935
SC2,sc2,Starter,multi,azure_events+syslog,0.5,2,4,0.75,0.75,0.75,53978,27017
SC2,sc2,Starter,multi,azure_events+syslog,0.5,3,4,0.75,0.75,0.75,53978,27069
SC2,sc2,Starter,multi,azure_events+syslog,0.5,4,4,0.75,0.75,0.75,53978,26915
SC2,sc2,Starter,multi,azure_events+syslog,0.25,0,4,0.75,0.75,0.75,53978,13480
SC2,sc2,Starter,multi,azure_events+syslog,0.25,1,4,0.25,0.25,0.25,53978,13482
SC2,sc2,Starter,multi,azure_events+syslog,0.25,2,4,0.75,0.75,0.75,53978,13393
SC2,sc2,Starter,multi,azure_events+syslog,0.25,3,4,0.75,0.75,0.75,53978,13687
SC2,sc2,Starter,multi,azure_events+syslog,0.25,4,4,0.5,0.5,0.5,53978,13458
SC2,sc2,Starter,multi,azure_events+syslog,0.1,0,4,0.5,0.5,0.5,53978,5446
SC2,sc2,Starter,multi,azure_events+syslog,0.1,1,4,0.25,0.25,0.25,53978,5513
SC2,sc2,Starter,multi,azure_events+syslog,0.1,2,4,0.5,0.5,0.5,53978,5348
SC2,sc2,Starter,multi,azure_events+syslog,0.1,3,4,0.25,0.25,0.25,53978,5498
SC2,sc2,Starter,multi,azure_events+syslog,0.1,4,4,0.5,0.5,0.5,53978,5417
SC3,sc3,Parallel,single,auditd,1.0,0,4,0.0,0.0,0.0,206,206
SC3,sc3,Parallel,single,auth,1.0,0,4,0.25,0.25,0.25,2810,2810
SC3,sc3,Parallel,single,suricata,1.0,0,4,0.25,0.25,0.25,65385,65385
SC3,sc3,Parallel,single,syslog,1.0,0,4,0.25,0.25,0.25,14677,14677
SC3,sc3,Parallel,single,zeek,1.0,0,4,0.25,0.25,0.25,5596,5596
SC3,sc3,Parallel,single,auditd,1.0,1,4,0.0,0.0,0.0,206,206
SC3,sc3,Parallel,single,auth,1.0,1,4,0.25,0.25,0.25,2810,2810
SC3,sc3,Parallel,single,suricata,1.0,1,4,0.25,0.25,0.25,65385,65385
SC3,sc3,Parallel,single,syslog,1.0,1,4,0.25,0.25,0.25,14677,14677
SC3,sc3,Parallel,single,zeek,1.0,1,4,0.25,0.25,0.25,5596,5596
SC3,sc3,Parallel,single,auditd,1.0,2,4,0.0,0.0,0.0,206,206
SC3,sc3,Parallel,single,auth,1.0,2,4,0.25,0.25,0.25,2810,2810
SC3,sc3,Parallel,single,suricata,1.0,2,4,0.25,0.25,0.25,65385,65385
SC3,sc3,Parallel,single,syslog,1.0,2,4,0.25,0.25,0.25,14677,14677
SC3,sc3,Parallel,single,zeek,1.0,2,4,0.25,0.25,0.25,5596,5596
SC3,sc3,Parallel,single,auditd,1.0,3,4,0.0,0.0,0.0,206,206
SC3,sc3,Parallel,single,auth,1.0,3,4,0.25,0.25,0.25,2810,2810
SC3,sc3,Parallel,single,suricata,1.0,3,4,0.25,0.25,0.25,65385,65385
SC3,sc3,Parallel,single,syslog,1.0,3,4,0.25,0.25,0.25,14677,14677
SC3,sc3,Parallel,single,zeek,1.0,3,4,0.25,0.25,0.25,5596,5596
SC3,sc3,Parallel,single,auditd,1.0,4,4,0.0,0.0,0.0,206,206
SC3,sc3,Parallel,single,auth,1.0,4,4,0.25,0.25,0.25,2810,2810
SC3,sc3,Parallel,single,suricata,1.0,4,4,0.25,0.25,0.25,65385,65385
SC3,sc3,Parallel,single,syslog,1.0,4,4,0.25,0.25,0.25,14677,14677
SC3,sc3,Parallel,single,zeek,1.0,4,4,0.25,0.25,0.25,5596,5596
SC3,sc3,Parallel,single,auditd,0.75,0,4,0.0,0.0,0.0,206,157
SC3,sc3,Parallel,single,auth,0.75,0,4,0.25,0.25,0.25,2810,2122
SC3,sc3,Parallel,single,suricata,0.75,0,4,0.25,0.25,0.25,65385,48969
SC3,sc3,Parallel,single,syslog,0.75,0,4,0.25,0.25,0.25,14677,11049
SC3,sc3,Parallel,single,zeek,0.75,0,4,0.25,0.25,0.25,5596,4208
SC3,sc3,Parallel,single,auditd,0.75,1,4,0.0,0.0,0.0,206,154
SC3,sc3,Parallel,single,auth,0.75,1,4,0.25,0.25,0.25,2810,2099
SC3,sc3,Parallel,single,suricata,0.75,1,4,0.25,0.25,0.25,65385,48870
SC3,sc3,Parallel,single,syslog,0.75,1,4,0.25,0.25,0.25,14677,10953
SC3,sc3,Parallel,single,zeek,0.75,1,4,0.25,0.25,0.25,5596,4207
SC3,sc3,Parallel,single,auditd,0.75,2,4,0.0,0.0,0.0,206,162
SC3,sc3,Parallel,single,auth,0.75,2,4,0.25,0.25,0.25,2810,2109
SC3,sc3,Parallel,single,suricata,0.75,2,4,0.25,0.25,0.25,65385,48938
SC3,sc3,Parallel,single,syslog,0.75,2,4,0.25,0.25,0.25,14677,11073
SC3,sc3,Parallel,single,zeek,0.75,2,4,0.25,0.25,0.25,5596,4171
SC3,sc3,Parallel,single,auditd,0.75,3,4,0.0,0.0,0.0,206,159
SC3,sc3,Parallel,single,auth,0.75,3,4,0.25,0.25,0.25,2810,2134
SC3,sc3,Parallel,single,suricata,0.75,3,4,0.25,0.25,0.25,65385,48980
SC3,sc3,Parallel,single,syslog,0.75,3,4,0.25,0.25,0.25,14677,11042
SC3,sc3,Parallel,single,zeek,0.75,3,4,0.25,0.25,0.25,5596,4135
SC3,sc3,Parallel,single,auditd,0.75,4,4,0.0,0.0,0.0,206,143
SC3,sc3,Parallel,single,auth,0.75,4,4,0.25,0.25,0.25,2810,2103
SC3,sc3,Parallel,single,suricata,0.75,4,4,0.25,0.25,0.25,65385,48932
SC3,sc3,Parallel,single,syslog,0.75,4,4,0.25,0.25,0.25,14677,10919
SC3,sc3,Parallel,single,zeek,0.75,4,4,0.25,0.25,0.25,5596,4184
SC3,sc3,Parallel,single,auditd,0.5,0,4,0.0,0.0,0.0,206,99
SC3,sc3,Parallel,single,auth,0.5,0,4,0.0,0.0,0.0,2810,1408
SC3,sc3,Parallel,single,suricata,0.5,0,4,0.25,0.25,0.25,65385,32466
SC3,sc3,Parallel,single,syslog,0.5,0,4,0.25,0.25,0.25,14677,7341
SC3,sc3,Parallel,single,zeek,0.5,0,4,0.25,0.25,0.25,5596,2782
SC3,sc3,Parallel,single,auditd,0.5,1,4,0.0,0.0,0.0,206,100
SC3,sc3,Parallel,single,auth,0.5,1,4,0.25,0.25,0.25,2810,1405
SC3,sc3,Parallel,single,suricata,0.5,1,4,0.25,0.25,0.25,65385,32704
SC3,sc3,Parallel,single,syslog,0.5,1,4,0.25,0.25,0.25,14677,7307
SC3,sc3,Parallel,single,zeek,0.5,1,4,0.25,0.25,0.25,5596,2847
SC3,sc3,Parallel,single,auditd,0.5,2,4,0.0,0.0,0.0,206,108
SC3,sc3,Parallel,single,auth,0.5,2,4,0.25,0.25,0.25,2810,1416
SC3,sc3,Parallel,single,suricata,0.5,2,4,0.25,0.25,0.25,65385,32495
SC3,sc3,Parallel,single,syslog,0.5,2,4,0.25,0.25,0.25,14677,7364
SC3,sc3,Parallel,single,zeek,0.5,2,4,0.25,0.25,0.25,5596,2843
SC3,sc3,Parallel,single,auditd,0.5,3,4,0.0,0.0,0.0,206,106
SC3,sc3,Parallel,single,auth,0.5,3,4,0.0,0.0,0.0,2810,1421
SC3,sc3,Parallel,single,suricata,0.5,3,4,0.25,0.25,0.25,65385,32733
SC3,sc3,Parallel,single,syslog,0.5,3,4,0.25,0.25,0.25,14677,7380
SC3,sc3,Parallel,single,zeek,0.5,3,4,0.25,0.25,0.25,5596,2724
SC3,sc3,Parallel,single,auditd,0.5,4,4,0.0,0.0,0.0,206,88
SC3,sc3,Parallel,single,auth,0.5,4,4,0.25,0.25,0.25,2810,1399
SC3,sc3,Parallel,single,suricata,0.5,4,4,0.25,0.25,0.25,65385,32691
SC3,sc3,Parallel,single,syslog,0.5,4,4,0.25,0.25,0.25,14677,7310
SC3,sc3,Parallel,single,zeek,0.5,4,4,0.25,0.25,0.25,5596,2805
SC3,sc3,Parallel,single,auditd,0.25,0,4,0.0,0.0,0.0,206,53
SC3,sc3,Parallel,single,auth,0.25,0,4,0.0,0.0,0.0,2810,686
SC3,sc3,Parallel,single,suricata,0.25,0,4,0.25,0.25,0.25,65385,16209
SC3,sc3,Parallel,single,syslog,0.25,0,4,0.25,0.25,0.25,14677,3665
SC3,sc3,Parallel,single,zeek,0.25,0,4,0.25,0.25,0.25,5596,1356
SC3,sc3,Parallel,single,auditd,0.25,1,4,0.0,0.0,0.0,206,48
SC3,sc3,Parallel,single,auth,0.25,1,4,0.25,0.25,0.25,2810,680
SC3,sc3,Parallel,single,suricata,0.25,1,4,0.25,0.25,0.25,65385,16355
SC3,sc3,Parallel,single,syslog,0.25,1,4,0.0,0.0,0.0,14677,3639
SC3,sc3,Parallel,single,zeek,0.25,1,4,0.25,0.25,0.25,5596,1427
SC3,sc3,Parallel,single,auditd,0.25,2,4,0.0,0.0,0.0,206,61
SC3,sc3,Parallel,single,auth,0.25,2,4,0.25,0.25,0.25,2810,714
SC3,sc3,Parallel,single,suricata,0.25,2,4,0.25,0.25,0.25,65385,16272
SC3,sc3,Parallel,single,syslog,0.25,2,4,0.25,0.25,0.25,14677,3706
SC3,sc3,Parallel,single,zeek,0.25,2,4,0.25,0.25,0.25,5596,1416
SC3,sc3,Parallel,single,auditd,0.25,3,4,0.0,0.0,0.0,206,57
SC3,sc3,Parallel,single,auth,0.25,3,4,0.0,0.0,0.0,2810,695
SC3,sc3,Parallel,single,suricata,0.25,3,4,0.25,0.25,0.25,65385,16408
SC3,sc3,Parallel,single,syslog,0.25,3,4,0.25,0.25,0.25,14677,3745
SC3,sc3,Parallel,single,zeek,0.25,3,4,0.25,0.25,0.25,5596,1367
SC3,sc3,Parallel,single,auditd,0.25,4,4,0.0,0.0,0.0,206,52
SC3,sc3,Parallel,single,auth,0.25,4,4,0.25,0.25,0.25,2810,693
SC3,sc3,Parallel,single,suricata,0.25,4,4,0.25,0.25,0.25,65385,16316
SC3,sc3,Parallel,single,syslog,0.25,4,4,0.25,0.25,0.25,14677,3603
SC3,sc3,Parallel,single,zeek,0.25,4,4,0.25,0.25,0.25,5596,1376
SC3,sc3,Parallel,single,auditd,0.1,0,4,0.0,0.0,0.0,206,20
SC3,sc3,Parallel,single,auth,0.1,0,4,0.0,0.0,0.0,2810,273
SC3,sc3,Parallel,single,suricata,0.1,0,4,0.25,0.25,0.25,65385,6472
SC3,sc3,Parallel,single,syslog,0.1,0,4,0.25,0.25,0.25,14677,1485
SC3,sc3,Parallel,single,zeek,0.1,0,4,0.25,0.25,0.25,5596,544
SC3,sc3,Parallel,single,auditd,0.1,1,4,0.0,0.0,0.0,206,19
SC3,sc3,Parallel,single,auth,0.1,1,4,0.0,0.0,0.0,2810,260
SC3,sc3,Parallel,single,suricata,0.1,1,4,0.25,0.25,0.25,65385,6436
SC3,sc3,Parallel,single,syslog,0.1,1,4,0.0,0.0,0.0,14677,1578
SC3,sc3,Parallel,single,zeek,0.1,1,4,0.25,0.25,0.25,5596,583
SC3,sc3,Parallel,single,auditd,0.1,2,4,0.0,0.0,0.0,206,24
SC3,sc3,Parallel,single,auth,0.1,2,4,0.25,0.25,0.25,2810,301
SC3,sc3,Parallel,single,suricata,0.1,2,4,0.25,0.25,0.25,65385,6489
SC3,sc3,Parallel,single,syslog,0.1,2,4,0.0,0.0,0.0,14677,1514
SC3,sc3,Parallel,single,zeek,0.1,2,4,0.25,0.25,0.25,5596,542
SC3,sc3,Parallel,single,auditd,0.1,3,4,0.0,0.0,0.0,206,22
SC3,sc3,Parallel,single,auth,0.1,3,4,0.0,0.0,0.0,2810,252
SC3,sc3,Parallel,single,suricata,0.1,3,4,0.25,0.25,0.25,65385,6518
SC3,sc3,Parallel,single,syslog,0.1,3,4,0.0,0.0,0.0,14677,1506
SC3,sc3,Parallel,single,zeek,0.1,3,4,0.25,0.25,0.25,5596,536
SC3,sc3,Parallel,single,auditd,0.1,4,4,0.0,0.0,0.0,206,20
SC3,sc3,Parallel,single,auth,0.1,4,4,0.25,0.25,0.25,2810,282
SC3,sc3,Parallel,single,suricata,0.1,4,4,0.25,0.25,0.25,65385,6512
SC3,sc3,Parallel,single,syslog,0.1,4,4,0.0,0.0,0.0,14677,1459
SC3,sc3,Parallel,single,zeek,0.1,4,4,0.25,0.25,0.25,5596,571
SC3,sc3,Parallel,combo2,auditd+zeek,1.0,0,4,0.25,0.25,0.25,5802,5802
SC3,sc3,Parallel,combo2,syslog+auth,1.0,0,4,0.25,0.25,0.25,17487,17487
SC3,sc3,Parallel,combo2,auditd+syslog,1.0,0,4,0.25,0.25,0.25,14883,14883
SC3,sc3,Parallel,combo2,zeek+syslog,1.0,0,4,0.5,0.5,0.5,20273,20273
SC3,sc3,Parallel,combo2,zeek+auth,1.0,0,4,0.5,0.5,0.5,8406,8406
SC3,sc3,Parallel,combo2,auditd+zeek,1.0,1,4,0.25,0.25,0.25,5802,5802
SC3,sc3,Parallel,combo2,syslog+auth,1.0,1,4,0.25,0.25,0.25,17487,17487
SC3,sc3,Parallel,combo2,auditd+syslog,1.0,1,4,0.25,0.25,0.25,14883,14883
SC3,sc3,Parallel,combo2,zeek+syslog,1.0,1,4,0.5,0.5,0.5,20273,20273
SC3,sc3,Parallel,combo2,zeek+auth,1.0,1,4,0.5,0.5,0.5,8406,8406
SC3,sc3,Parallel,combo2,auditd+zeek,1.0,2,4,0.25,0.25,0.25,5802,5802
SC3,sc3,Parallel,combo2,syslog+auth,1.0,2,4,0.25,0.25,0.25,17487,17487
SC3,sc3,Parallel,combo2,auditd+syslog,1.0,2,4,0.25,0.25,0.25,14883,14883
SC3,sc3,Parallel,combo2,zeek+syslog,1.0,2,4,0.5,0.5,0.5,20273,20273
SC3,sc3,Parallel,combo2,zeek+auth,1.0,2,4,0.5,0.5,0.5,8406,8406
SC3,sc3,Parallel,combo2,auditd+zeek,1.0,3,4,0.25,0.25,0.25,5802,5802
SC3,sc3,Parallel,combo2,syslog+auth,1.0,3,4,0.25,0.25,0.25,17487,17487
SC3,sc3,Parallel,combo2,auditd+syslog,1.0,3,4,0.25,0.25,0.25,14883,14883
SC3,sc3,Parallel,combo2,zeek+syslog,1.0,3,4,0.5,0.5,0.5,20273,20273
SC3,sc3,Parallel,combo2,zeek+auth,1.0,3,4,0.5,0.5,0.5,8406,8406
SC3,sc3,Parallel,combo2,auditd+zeek,1.0,4,4,0.25,0.25,0.25,5802,5802
SC3,sc3,Parallel,combo2,syslog+auth,1.0,4,4,0.25,0.25,0.25,17487,17487
SC3,sc3,Parallel,combo2,auditd+syslog,1.0,4,4,0.25,0.25,0.25,14883,14883
SC3,sc3,Parallel,combo2,zeek+syslog,1.0,4,4,0.5,0.5,0.5,20273,20273
SC3,sc3,Parallel,combo2,zeek+auth,1.0,4,4,0.5,0.5,0.5,8406,8406
SC3,sc3,Parallel,combo2,auditd+zeek,0.75,0,4,0.25,0.25,0.25,5802,4365
SC3,sc3,Parallel,combo2,syslog+auth,0.75,0,4,0.25,0.25,0.25,17487,13171
SC3,sc3,Parallel,combo2,auditd+syslog,0.75,0,4,0.25,0.25,0.25,14883,11206
SC3,sc3,Parallel,combo2,zeek+syslog,0.75,0,4,0.5,0.5,0.5,20273,15257
SC3,sc3,Parallel,combo2,zeek+auth,0.75,0,4,0.5,0.5,0.5,8406,6330
SC3,sc3,Parallel,combo2,auditd+zeek,0.75,1,4,0.25,0.25,0.25,5802,4361
SC3,sc3,Parallel,combo2,syslog+auth,0.75,1,4,0.25,0.25,0.25,17487,13052
SC3,sc3,Parallel,combo2,auditd+syslog,0.75,1,4,0.25,0.25,0.25,14883,11107
SC3,sc3,Parallel,combo2,zeek+syslog,0.75,1,4,0.5,0.5,0.5,20273,15160
SC3,sc3,Parallel,combo2,zeek+auth,0.75,1,4,0.5,0.5,0.5,8406,6306
SC3,sc3,Parallel,combo2,auditd+zeek,0.75,2,4,0.25,0.25,0.25,5802,4333
SC3,sc3,Parallel,combo2,syslog+auth,0.75,2,4,0.25,0.25,0.25,17487,13182
SC3,sc3,Parallel,combo2,auditd+syslog,0.75,2,4,0.25,0.25,0.25,14883,11235
SC3,sc3,Parallel,combo2,zeek+syslog,0.75,2,4,0.5,0.5,0.5,20273,15244
SC3,sc3,Parallel,combo2,zeek+auth,0.75,2,4,0.5,0.5,0.5,8406,6280
SC3,sc3,Parallel,combo2,auditd+zeek,0.75,3,4,0.25,0.25,0.25,5802,4294
SC3,sc3,Parallel,combo2,syslog+auth,0.75,3,4,0.25,0.25,0.25,17487,13176
SC3,sc3,Parallel,combo2,auditd+syslog,0.75,3,4,0.25,0.25,0.25,14883,11201
SC3,sc3,Parallel,combo2,zeek+syslog,0.75,3,4,0.5,0.5,0.5,20273,15177
SC3,sc3,Parallel,combo2,zeek+auth,0.75,3,4,0.5,0.5,0.5,8406,6269
SC3,sc3,Parallel,combo2,auditd+zeek,0.75,4,4,0.25,0.25,0.25,5802,4327
SC3,sc3,Parallel,combo2,syslog+auth,0.75,4,4,0.25,0.25,0.25,17487,13022
SC3,sc3,Parallel,combo2,auditd+syslog,0.75,4,4,0.25,0.25,0.25,14883,11062
SC3,sc3,Parallel,combo2,zeek+syslog,0.75,4,4,0.5,0.5,0.5,20273,15103
SC3,sc3,Parallel,combo2,zeek+auth,0.75,4,4,0.5,0.5,0.5,8406,6287
SC3,sc3,Parallel,combo2,auditd+zeek,0.5,0,4,0.25,0.25,0.25,5802,2881
SC3,sc3,Parallel,combo2,syslog+auth,0.5,0,4,0.25,0.25,0.25,17487,8749
SC3,sc3,Parallel,combo2,auditd+syslog,0.5,0,4,0.25,0.25,0.25,14883,7440
SC3,sc3,Parallel,combo2,zeek+syslog,0.5,0,4,0.5,0.5,0.5,20273,10123
SC3,sc3,Parallel,combo2,zeek+auth,0.5,0,4,0.25,0.25,0.25,8406,4190
SC3,sc3,Parallel,combo2,auditd+zeek,0.5,1,4,0.25,0.25,0.25,5802,2947
SC3,sc3,Parallel,combo2,syslog+auth,0.5,1,4,0.25,0.25,0.25,17487,8712
SC3,sc3,Parallel,combo2,auditd+syslog,0.5,1,4,0.25,0.25,0.25,14883,7407
SC3,sc3,Parallel,combo2,zeek+syslog,0.5,1,4,0.5,0.5,0.5,20273,10154
SC3,sc3,Parallel,combo2,zeek+auth,0.5,1,4,0.5,0.5,0.5,8406,4252
SC3,sc3,Parallel,combo2,auditd+zeek,0.5,2,4,0.25,0.25,0.25,5802,2951
SC3,sc3,Parallel,combo2,syslog+auth,0.5,2,4,0.25,0.25,0.25,17487,8780
SC3,sc3,Parallel,combo2,auditd+syslog,0.5,2,4,0.25,0.25,0.25,14883,7472
SC3,sc3,Parallel,combo2,zeek+syslog,0.5,2,4,0.5,0.5,0.5,20273,10207
SC3,sc3,Parallel,combo2,zeek+auth,0.5,2,4,0.5,0.5,0.5,8406,4259
SC3,sc3,Parallel,combo2,auditd+zeek,0.5,3,4,0.25,0.25,0.25,5802,2830
SC3,sc3,Parallel,combo2,syslog+auth,0.5,3,4,0.25,0.25,0.25,17487,8801
SC3,sc3,Parallel,combo2,auditd+syslog,0.5,3,4,0.25,0.25,0.25,14883,7486
SC3,sc3,Parallel,combo2,zeek+syslog,0.5,3,4,0.5,0.5,0.5,20273,10104
SC3,sc3,Parallel,combo2,zeek+auth,0.5,3,4,0.25,0.25,0.25,8406,4145
SC3,sc3,Parallel,combo2,auditd+zeek,0.5,4,4,0.25,0.25,0.25,5802,2893
SC3,sc3,Parallel,combo2,syslog+auth,0.5,4,4,0.25,0.25,0.25,17487,8709
SC3,sc3,Parallel,combo2,auditd+syslog,0.5,4,4,0.25,0.25,0.25,14883,7398
SC3,sc3,Parallel,combo2,zeek+syslog,0.5,4,4,0.5,0.5,0.5,20273,10115
SC3,sc3,Parallel,combo2,zeek+auth,0.5,4,4,0.5,0.5,0.5,8406,4204
SC3,sc3,Parallel,combo2,auditd+zeek,0.25,0,4,0.25,0.25,0.25,5802,1409
SC3,sc3,Parallel,combo2,syslog+auth,0.25,0,4,0.25,0.25,0.25,17487,4351
SC3,sc3,Parallel,combo2,auditd+syslog,0.25,0,4,0.25,0.25,0.25,14883,3718
SC3,sc3,Parallel,combo2,zeek+syslog,0.25,0,4,0.5,0.5,0.5,20273,5021
SC3,sc3,Parallel,combo2,zeek+auth,0.25,0,4,0.25,0.25,0.25,8406,2042
SC3,sc3,Parallel,combo2,auditd+zeek,0.25,1,4,0.25,0.25,0.25,5802,1475
SC3,sc3,Parallel,combo2,syslog+auth,0.25,1,4,0.25,0.25,0.25,17487,4319
SC3,sc3,Parallel,combo2,auditd+syslog,0.25,1,4,0.0,0.0,0.0,14883,3687
SC3,sc3,Parallel,combo2,zeek+syslog,0.25,1,4,0.25,0.25,0.25,20273,5066
SC3,sc3,Parallel,combo2,zeek+auth,0.25,1,4,0.5,0.5,0.5,8406,2107
SC3,sc3,Parallel,combo2,auditd+zeek,0.25,2,4,0.25,0.25,0.25,5802,1477
SC3,sc3,Parallel,combo2,syslog+auth,0.25,2,4,0.25,0.25,0.25,17487,4420
SC3,sc3,Parallel,combo2,auditd+syslog,0.25,2,4,0.25,0.25,0.25,14883,3767
SC3,sc3,Parallel,combo2,zeek+syslog,0.25,2,4,0.5,0.5,0.5,20273,5122
SC3,sc3,Parallel,combo2,zeek+auth,0.25,2,4,0.5,0.5,0.5,8406,2130
SC3,sc3,Parallel,combo2,auditd+zeek,0.25,3,4,0.25,0.25,0.25,5802,1424
SC3,sc3,Parallel,combo2,syslog+auth,0.25,3,4,0.25,0.25,0.25,17487,4440
SC3,sc3,Parallel,combo2,auditd+syslog,0.25,3,4,0.25,0.25,0.25,14883,3802
SC3,sc3,Parallel,combo2,zeek+syslog,0.25,3,4,0.5,0.5,0.5,20273,5112
SC3,sc3,Parallel,combo2,zeek+auth,0.25,3,4,0.25,0.25,0.25,8406,2062
SC3,sc3,Parallel,combo2,auditd+zeek,0.25,4,4,0.25,0.25,0.25,5802,1428
SC3,sc3,Parallel,combo2,syslog+auth,0.25,4,4,0.25,0.25,0.25,17487,4296
SC3,sc3,Parallel,combo2,auditd+syslog,0.25,4,4,0.25,0.25,0.25,14883,3655
SC3,sc3,Parallel,combo2,zeek+syslog,0.25,4,4,0.5,0.5,0.5,20273,4979
SC3,sc3,Parallel,combo2,zeek+auth,0.25,4,4,0.5,0.5,0.5,8406,2069
SC3,sc3,Parallel,combo2,auditd+zeek,0.1,0,4,0.25,0.25,0.25,5802,564
SC3,sc3,Parallel,combo2,syslog+auth,0.1,0,4,0.25,0.25,0.25,17487,1758
SC3,sc3,Parallel,combo2,auditd+syslog,0.1,0,4,0.25,0.25,0.25,14883,1505
SC3,sc3,Parallel,combo2,zeek+syslog,0.1,0,4,0.5,0.5,0.5,20273,2029
SC3,sc3,Parallel,combo2,zeek+auth,0.1,0,4,0.25,0.25,0.25,8406,817
SC3,sc3,Parallel,combo2,auditd+zeek,0.1,1,4,0.25,0.25,0.25,5802,602
SC3,sc3,Parallel,combo2,syslog+auth,0.1,1,4,0.0,0.0,0.0,17487,1838
SC3,sc3,Parallel,combo2,auditd+syslog,0.1,1,4,0.0,0.0,0.0,14883,1597
SC3,sc3,Parallel,combo2,zeek+syslog,0.1,1,4,0.25,0.25,0.25,20273,2161
SC3,sc3,Parallel,combo2,zeek+auth,0.1,1,4,0.25,0.25,0.25,8406,843
SC3,sc3,Parallel,combo2,auditd+zeek,0.1,2,4,0.25,0.25,0.25,5802,566
SC3,sc3,Parallel,combo2,syslog+auth,0.1,2,4,0.25,0.25,0.25,17487,1815
SC3,sc3,Parallel,combo2,auditd+syslog,0.1,2,4,0.0,0.0,0.0,14883,1538
SC3,sc3,Parallel,combo2,zeek+syslog,0.1,2,4,0.25,0.25,0.25,20273,2056
SC3,sc3,Parallel,combo2,zeek+auth,0.1,2,4,0.5,0.5,0.5,8406,843
SC3,sc3,Parallel,combo2,auditd+zeek,0.1,3,4,0.25,0.25,0.25,5802,558
SC3,sc3,Parallel,combo2,syslog+auth,0.1,3,4,0.0,0.0,0.0,17487,1758
SC3,sc3,Parallel,combo2,auditd+syslog,0.1,3,4,0.0,0.0,0.0,14883,1528
SC3,sc3,Parallel,combo2,zeek+syslog,0.1,3,4,0.25,0.25,0.25,20273,2042
SC3,sc3,Parallel,combo2,zeek+auth,0.1,3,4,0.25,0.25,0.25,8406,788
SC3,sc3,Parallel,combo2,auditd+zeek,0.1,4,4,0.25,0.25,0.25,5802,591
SC3,sc3,Parallel,combo2,syslog+auth,0.1,4,4,0.25,0.25,0.25,17487,1741
SC3,sc3,Parallel,combo2,auditd+syslog,0.1,4,4,0.0,0.0,0.0,14883,1479
SC3,sc3,Parallel,combo2,zeek+syslog,0.1,4,4,0.25,0.25,0.25,20273,2030
SC3,sc3,Parallel,combo2,zeek+auth,0.1,4,4,0.5,0.5,0.5,8406,853
SC3,sc3,Parallel,multi,auditd+auth+suricata+syslog+zeek,1.0,0,4,0.5,0.5,0.5,88674,88674
SC3,sc3,Parallel,multi,auditd+auth+suricata+syslog+zeek,1.0,1,4,0.5,0.5,0.5,88674,88674
SC3,sc3,Parallel,multi,auditd+auth+suricata+syslog+zeek,1.0,2,4,0.5,0.5,0.5,88674,88674
SC3,sc3,Parallel,multi,auditd+auth+suricata+syslog+zeek,1.0,3,4,0.5,0.5,0.5,88674,88674
SC3,sc3,Parallel,multi,auditd+auth+suricata+syslog+zeek,1.0,4,4,0.5,0.5,0.5,88674,88674
SC3,sc3,Parallel,multi,auditd+auth+suricata+syslog+zeek,0.75,0,4,0.5,0.5,0.5,88674,66505
SC3,sc3,Parallel,multi,auditd+auth+suricata+syslog+zeek,0.75,1,4,0.5,0.5,0.5,88674,66283
SC3,sc3,Parallel,multi,auditd+auth+suricata+syslog+zeek,0.75,2,4,0.5,0.5,0.5,88674,66453
SC3,sc3,Parallel,multi,auditd+auth+suricata+syslog+zeek,0.75,3,4,0.5,0.5,0.5,88674,66450
SC3,sc3,Parallel,multi,auditd+auth+suricata+syslog+zeek,0.75,4,4,0.5,0.5,0.5,88674,66281
SC3,sc3,Parallel,multi,auditd+auth+suricata+syslog+zeek,0.5,0,4,0.5,0.5,0.5,88674,44096
SC3,sc3,Parallel,multi,auditd+auth+suricata+syslog+zeek,0.5,1,4,0.5,0.5,0.5,88674,44363
SC3,sc3,Parallel,multi,auditd+auth+suricata+syslog+zeek,0.5,2,4,0.5,0.5,0.5,88674,44226
SC3,sc3,Parallel,multi,auditd+auth+suricata+syslog+zeek,0.5,3,4,0.5,0.5,0.5,88674,44364
SC3,sc3,Parallel,multi,auditd+auth+suricata+syslog+zeek,0.5,4,4,0.5,0.5,0.5,88674,44293
SC3,sc3,Parallel,multi,auditd+auth+suricata+syslog+zeek,0.25,0,4,0.5,0.5,0.5,88674,21969
SC3,sc3,Parallel,multi,auditd+auth+suricata+syslog+zeek,0.25,1,4,0.5,0.5,0.5,88674,22149
SC3,sc3,Parallel,multi,auditd+auth+suricata+syslog+zeek,0.25,2,4,0.5,0.5,0.5,88674,22169
SC3,sc3,Parallel,multi,auditd+auth+suricata+syslog+zeek,0.25,3,4,0.5,0.5,0.5,88674,22272
SC3,sc3,Parallel,multi,auditd+auth+suricata+syslog+zeek,0.25,4,4,0.5,0.5,0.5,88674,22040
SC3,sc3,Parallel,multi,auditd+auth+suricata+syslog+zeek,0.1,0,4,0.5,0.5,0.5,88674,8794
SC3,sc3,Parallel,multi,auditd+auth+suricata+syslog+zeek,0.1,1,4,0.25,0.25,0.25,88674,8876
SC3,sc3,Parallel,multi,auditd+auth+suricata+syslog+zeek,0.1,2,4,0.5,0.5,0.5,88674,8870
SC3,sc3,Parallel,multi,auditd+auth+suricata+syslog+zeek,0.1,3,4,0.25,0.25,0.25,88674,8834
SC3,sc3,Parallel,multi,auditd+auth+suricata+syslog+zeek,0.1,4,4,0.5,0.5,0.5,88674,8844
SC4,sc4,NPMEX,single,auditd,1.0,0,4,0.0,0.0,0.0,2491,2491
SC4,sc4,NPMEX,single,auth,1.0,0,4,0.25,0.25,0.25,2946,2946
SC4,sc4,NPMEX,single,suricata,1.0,0,4,0.25,0.25,0.25,116215,116215
SC4,sc4,NPMEX,single,syslog,1.0,0,4,0.5,0.5,0.5,57250,57250
SC4,sc4,NPMEX,single,zeek,1.0,0,4,0.25,0.25,0.25,9368,9368
SC4,sc4,NPMEX,single,auditd,1.0,1,4,0.0,0.0,0.0,2491,2491
SC4,sc4,NPMEX,single,auth,1.0,1,4,0.25,0.25,0.25,2946,2946
SC4,sc4,NPMEX,single,suricata,1.0,1,4,0.25,0.25,0.25,116215,116215
SC4,sc4,NPMEX,single,syslog,1.0,1,4,0.5,0.5,0.5,57250,57250
SC4,sc4,NPMEX,single,zeek,1.0,1,4,0.25,0.25,0.25,9368,9368
SC4,sc4,NPMEX,single,auditd,1.0,2,4,0.0,0.0,0.0,2491,2491
SC4,sc4,NPMEX,single,auth,1.0,2,4,0.25,0.25,0.25,2946,2946
SC4,sc4,NPMEX,single,suricata,1.0,2,4,0.25,0.25,0.25,116215,116215
SC4,sc4,NPMEX,single,syslog,1.0,2,4,0.5,0.5,0.5,57250,57250
SC4,sc4,NPMEX,single,zeek,1.0,2,4,0.25,0.25,0.25,9368,9368
SC4,sc4,NPMEX,single,auditd,1.0,3,4,0.0,0.0,0.0,2491,2491
SC4,sc4,NPMEX,single,auth,1.0,3,4,0.25,0.25,0.25,2946,2946
SC4,sc4,NPMEX,single,suricata,1.0,3,4,0.25,0.25,0.25,116215,116215
SC4,sc4,NPMEX,single,syslog,1.0,3,4,0.5,0.5,0.5,57250,57250
SC4,sc4,NPMEX,single,zeek,1.0,3,4,0.25,0.25,0.25,9368,9368
SC4,sc4,NPMEX,single,auditd,1.0,4,4,0.0,0.0,0.0,2491,2491
SC4,sc4,NPMEX,single,auth,1.0,4,4,0.25,0.25,0.25,2946,2946
SC4,sc4,NPMEX,single,suricata,1.0,4,4,0.25,0.25,0.25,116215,116215
SC4,sc4,NPMEX,single,syslog,1.0,4,4,0.5,0.5,0.5,57250,57250
SC4,sc4,NPMEX,single,zeek,1.0,4,4,0.25,0.25,0.25,9368,9368
SC4,sc4,NPMEX,single,auditd,0.75,0,4,0.0,0.0,0.0,2491,1895
SC4,sc4,NPMEX,single,auth,0.75,0,4,0.25,0.25,0.25,2946,2224
SC4,sc4,NPMEX,single,suricata,0.75,0,4,0.25,0.25,0.25,116215,87001
SC4,sc4,NPMEX,single,syslog,0.75,0,4,0.5,0.25,0.5,57250,43021
SC4,sc4,NPMEX,single,zeek,0.75,0,4,0.25,0.25,0.25,9368,7043
SC4,sc4,NPMEX,single,auditd,0.75,1,4,0.0,0.0,0.0,2491,1862
SC4,sc4,NPMEX,single,auth,0.75,1,4,0.25,0.25,0.25,2946,2197
SC4,sc4,NPMEX,single,suricata,0.75,1,4,0.25,0.25,0.25,116215,86956
SC4,sc4,NPMEX,single,syslog,0.75,1,4,0.25,0.25,0.25,57250,42961
SC4,sc4,NPMEX,single,zeek,0.75,1,4,0.25,0.25,0.25,9368,7003
SC4,sc4,NPMEX,single,auditd,0.75,2,4,0.0,0.0,0.0,2491,1904
SC4,sc4,NPMEX,single,auth,0.75,2,4,0.25,0.25,0.25,2946,2217
SC4,sc4,NPMEX,single,suricata,0.75,2,4,0.25,0.25,0.25,116215,87007
SC4,sc4,NPMEX,single,syslog,0.75,2,4,0.5,0.5,0.5,57250,43043
SC4,sc4,NPMEX,single,zeek,0.75,2,4,0.25,0.25,0.25,9368,6989
SC4,sc4,NPMEX,single,auditd,0.75,3,4,0.0,0.0,0.0,2491,1850
SC4,sc4,NPMEX,single,auth,0.75,3,4,0.25,0.25,0.25,2946,2233
SC4,sc4,NPMEX,single,suricata,0.75,3,4,0.25,0.25,0.25,116215,87177
SC4,sc4,NPMEX,single,syslog,0.75,3,4,0.5,0.5,0.5,57250,42897
SC4,sc4,NPMEX,single,zeek,0.75,3,4,0.25,0.25,0.25,9368,6980
SC4,sc4,NPMEX,single,auditd,0.75,4,4,0.0,0.0,0.0,2491,1856
SC4,sc4,NPMEX,single,auth,0.75,4,4,0.25,0.25,0.25,2946,2208
SC4,sc4,NPMEX,single,suricata,0.75,4,4,0.25,0.25,0.25,116215,86980
SC4,sc4,NPMEX,single,syslog,0.75,4,4,0.5,0.5,0.5,57250,42939
SC4,sc4,NPMEX,single,zeek,0.75,4,4,0.25,0.25,0.25,9368,7022
SC4,sc4,NPMEX,single,auditd,0.5,0,4,0.0,0.0,0.0,2491,1278
SC4,sc4,NPMEX,single,auth,0.5,0,4,0.25,0.25,0.25,2946,1472
SC4,sc4,NPMEX,single,suricata,0.5,0,4,0.25,0.25,0.25,116215,57863
SC4,sc4,NPMEX,single,syslog,0.5,0,4,0.25,0.25,0.25,57250,28611
SC4,sc4,NPMEX,single,zeek,0.5,0,4,0.25,0.25,0.25,9368,4702
SC4,sc4,NPMEX,single,auditd,0.5,1,4,0.0,0.0,0.0,2491,1221
SC4,sc4,NPMEX,single,auth,0.5,1,4,0.25,0.25,0.25,2946,1480
SC4,sc4,NPMEX,single,suricata,0.5,1,4,0.25,0.25,0.25,116215,58134
SC4,sc4,NPMEX,single,syslog,0.5,1,4,0.25,0.25,0.25,57250,28508
SC4,sc4,NPMEX,single,zeek,0.5,1,4,0.25,0.25,0.25,9368,4680
SC4,sc4,NPMEX,single,auditd,0.5,2,4,0.0,0.0,0.0,2491,1246
SC4,sc4,NPMEX,single,auth,0.5,2,4,0.25,0.25,0.25,2946,1481
SC4,sc4,NPMEX,single,suricata,0.5,2,4,0.25,0.25,0.25,116215,57916
SC4,sc4,NPMEX,single,syslog,0.5,2,4,0.25,0.25,0.25,57250,28785
SC4,sc4,NPMEX,single,zeek,0.5,2,4,0.25,0.25,0.25,9368,4675
SC4,sc4,NPMEX,single,auditd,0.5,3,4,0.0,0.0,0.0,2491,1223
SC4,sc4,NPMEX,single,auth,0.5,3,4,0.25,0.25,0.25,2946,1485
SC4,sc4,NPMEX,single,suricata,0.5,3,4,0.25,0.25,0.25,116215,58302
SC4,sc4,NPMEX,single,syslog,0.5,3,4,0.5,0.5,0.5,57250,28602
SC4,sc4,NPMEX,single,zeek,0.5,3,4,0.25,0.25,0.25,9368,4631
SC4,sc4,NPMEX,single,auditd,0.5,4,4,0.0,0.0,0.0,2491,1226
SC4,sc4,NPMEX,single,auth,0.5,4,4,0.25,0.25,0.25,2946,1473
SC4,sc4,NPMEX,single,suricata,0.5,4,4,0.25,0.25,0.25,116215,57992
SC4,sc4,NPMEX,single,syslog,0.5,4,4,0.5,0.5,0.5,57250,28522
SC4,sc4,NPMEX,single,zeek,0.5,4,4,0.25,0.25,0.25,9368,4676
SC4,sc4,NPMEX,single,auditd,0.25,0,4,0.0,0.0,0.0,2491,666
SC4,sc4,NPMEX,single,auth,0.25,0,4,0.25,0.25,0.25,2946,718
SC4,sc4,NPMEX,single,suricata,0.25,0,4,0.25,0.25,0.25,116215,29064
SC4,sc4,NPMEX,single,syslog,0.25,0,4,0.25,0.25,0.25,57250,14333
SC4,sc4,NPMEX,single,zeek,0.25,0,4,0.25,0.25,0.25,9368,2306
SC4,sc4,NPMEX,single,auditd,0.25,1,4,0.0,0.0,0.0,2491,598
SC4,sc4,NPMEX,single,auth,0.25,1,4,0.25,0.25,0.25,2946,718
SC4,sc4,NPMEX,single,suricata,0.25,1,4,0.25,0.25,0.25,116215,29034
SC4,sc4,NPMEX,single,syslog,0.25,1,4,0.25,0.25,0.25,57250,14345
SC4,sc4,NPMEX,single,zeek,0.25,1,4,0.25,0.25,0.25,9368,2318
SC4,sc4,NPMEX,single,auditd,0.25,2,4,0.0,0.0,0.0,2491,631
SC4,sc4,NPMEX,single,auth,0.25,2,4,0.25,0.25,0.25,2946,755
SC4,sc4,NPMEX,single,suricata,0.25,2,4,0.25,0.25,0.25,116215,29004
SC4,sc4,NPMEX,single,syslog,0.25,2,4,0.25,0.25,0.25,57250,14397
SC4,sc4,NPMEX,single,zeek,0.25,2,4,0.25,0.25,0.25,9368,2312
SC4,sc4,NPMEX,single,auditd,0.25,3,4,0.0,0.0,0.0,2491,608
SC4,sc4,NPMEX,single,auth,0.25,3,4,0.25,0.25,0.25,2946,732
SC4,sc4,NPMEX,single,suricata,0.25,3,4,0.25,0.25,0.25,116215,29169
SC4,sc4,NPMEX,single,syslog,0.25,3,4,0.5,0.25,0.5,57250,14283
SC4,sc4,NPMEX,single,zeek,0.25,3,4,0.25,0.25,0.25,9368,2345
SC4,sc4,NPMEX,single,auditd,0.25,4,4,0.0,0.0,0.0,2491,611
SC4,sc4,NPMEX,single,auth,0.25,4,4,0.25,0.25,0.25,2946,726
SC4,sc4,NPMEX,single,suricata,0.25,4,4,0.25,0.25,0.25,116215,28854
SC4,sc4,NPMEX,single,syslog,0.25,4,4,0.5,0.25,0.5,57250,14156
SC4,sc4,NPMEX,single,zeek,0.25,4,4,0.25,0.25,0.25,9368,2308
SC4,sc4,NPMEX,single,auditd,0.1,0,4,0.0,0.0,0.0,2491,265
SC4,sc4,NPMEX,single,auth,0.1,0,4,0.25,0.25,0.25,2946,286
SC4,sc4,NPMEX,single,suricata,0.1,0,4,0.25,0.25,0.25,116215,11662
SC4,sc4,NPMEX,single,syslog,0.1,0,4,0.25,0.25,0.25,57250,5739
SC4,sc4,NPMEX,single,zeek,0.1,0,4,0.25,0.25,0.25,9368,916
SC4,sc4,NPMEX,single,auditd,0.1,1,4,0.0,0.0,0.0,2491,222
SC4,sc4,NPMEX,single,auth,0.1,1,4,0.0,0.0,0.0,2946,275
SC4,sc4,NPMEX,single,suricata,0.1,1,4,0.25,0.25,0.25,116215,11549
SC4,sc4,NPMEX,single,syslog,0.1,1,4,0.0,0.0,0.0,57250,5911
SC4,sc4,NPMEX,single,zeek,0.1,1,4,0.25,0.25,0.25,9368,935
SC4,sc4,NPMEX,single,auditd,0.1,2,4,0.0,0.0,0.0,2491,257
SC4,sc4,NPMEX,single,auth,0.1,2,4,0.0,0.0,0.0,2946,321
SC4,sc4,NPMEX,single,suricata,0.1,2,4,0.25,0.25,0.25,116215,11561
SC4,sc4,NPMEX,single,syslog,0.1,2,4,0.25,0.25,0.25,57250,5780
SC4,sc4,NPMEX,single,zeek,0.1,2,4,0.25,0.25,0.25,9368,920
SC4,sc4,NPMEX,single,auditd,0.1,3,4,0.0,0.0,0.0,2491,246
SC4,sc4,NPMEX,single,auth,0.1,3,4,0.25,0.25,0.25,2946,264
SC4,sc4,NPMEX,single,suricata,0.1,3,4,0.25,0.25,0.25,116215,11533
SC4,sc4,NPMEX,single,syslog,0.1,3,4,0.5,0.25,0.5,57250,5659
SC4,sc4,NPMEX,single,zeek,0.1,3,4,0.25,0.25,0.25,9368,904
SC4,sc4,NPMEX,single,auditd,0.1,4,4,0.0,0.0,0.0,2491,242
SC4,sc4,NPMEX,single,auth,0.1,4,4,0.25,0.25,0.25,2946,294
SC4,sc4,NPMEX,single,suricata,0.1,4,4,0.25,0.25,0.25,116215,11576
SC4,sc4,NPMEX,single,syslog,0.1,4,4,0.25,0.25,0.25,57250,5656
SC4,sc4,NPMEX,single,zeek,0.1,4,4,0.25,0.25,0.25,9368,951
SC4,sc4,NPMEX,combo2,auditd+zeek,1.0,0,4,0.25,0.25,0.25,11859,11859
SC4,sc4,NPMEX,combo2,syslog+auth,1.0,0,4,0.5,0.5,0.5,60196,60196
SC4,sc4,NPMEX,combo2,auditd+syslog,1.0,0,4,0.5,0.5,0.5,59741,59741
SC4,sc4,NPMEX,combo2,zeek+syslog,1.0,0,4,0.75,0.75,0.75,66618,66618
SC4,sc4,NPMEX,combo2,zeek+auth,1.0,0,4,0.5,0.5,0.5,12314,12314
SC4,sc4,NPMEX,combo2,auditd+zeek,1.0,1,4,0.25,0.25,0.25,11859,11859
SC4,sc4,NPMEX,combo2,syslog+auth,1.0,1,4,0.5,0.5,0.5,60196,60196
SC4,sc4,NPMEX,combo2,auditd+syslog,1.0,1,4,0.5,0.5,0.5,59741,59741
SC4,sc4,NPMEX,combo2,zeek+syslog,1.0,1,4,0.75,0.75,0.75,66618,66618
SC4,sc4,NPMEX,combo2,zeek+auth,1.0,1,4,0.5,0.5,0.5,12314,12314
SC4,sc4,NPMEX,combo2,auditd+zeek,1.0,2,4,0.25,0.25,0.25,11859,11859
SC4,sc4,NPMEX,combo2,syslog+auth,1.0,2,4,0.5,0.5,0.5,60196,60196
SC4,sc4,NPMEX,combo2,auditd+syslog,1.0,2,4,0.5,0.5,0.5,59741,59741
SC4,sc4,NPMEX,combo2,zeek+syslog,1.0,2,4,0.75,0.75,0.75,66618,66618
SC4,sc4,NPMEX,combo2,zeek+auth,1.0,2,4,0.5,0.5,0.5,12314,12314
SC4,sc4,NPMEX,combo2,auditd+zeek,1.0,3,4,0.25,0.25,0.25,11859,11859
SC4,sc4,NPMEX,combo2,syslog+auth,1.0,3,4,0.5,0.5,0.5,60196,60196
SC4,sc4,NPMEX,combo2,auditd+syslog,1.0,3,4,0.5,0.5,0.5,59741,59741
SC4,sc4,NPMEX,combo2,zeek+syslog,1.0,3,4,0.75,0.75,0.75,66618,66618
SC4,sc4,NPMEX,combo2,zeek+auth,1.0,3,4,0.5,0.5,0.5,12314,12314
SC4,sc4,NPMEX,combo2,auditd+zeek,1.0,4,4,0.25,0.25,0.25,11859,11859
SC4,sc4,NPMEX,combo2,syslog+auth,1.0,4,4,0.5,0.5,0.5,60196,60196
SC4,sc4,NPMEX,combo2,auditd+syslog,1.0,4,4,0.5,0.5,0.5,59741,59741
SC4,sc4,NPMEX,combo2,zeek+syslog,1.0,4,4,0.75,0.75,0.75,66618,66618
SC4,sc4,NPMEX,combo2,zeek+auth,1.0,4,4,0.5,0.5,0.5,12314,12314
SC4,sc4,NPMEX,combo2,auditd+zeek,0.75,0,4,0.25,0.25,0.25,11859,8938
SC4,sc4,NPMEX,combo2,syslog+auth,0.75,0,4,0.5,0.5,0.5,60196,45245
SC4,sc4,NPMEX,combo2,auditd+syslog,0.75,0,4,0.5,0.25,0.5,59741,44916
SC4,sc4,NPMEX,combo2,zeek+syslog,0.75,0,4,0.75,0.5,0.75,66618,50064
SC4,sc4,NPMEX,combo2,zeek+auth,0.75,0,4,0.5,0.5,0.5,12314,9267
SC4,sc4,NPMEX,combo2,auditd+zeek,0.75,1,4,0.25,0.25,0.25,11859,8865
SC4,sc4,NPMEX,combo2,syslog+auth,0.75,1,4,0.25,0.25,0.25,60196,45158
SC4,sc4,NPMEX,combo2,auditd+syslog,0.75,1,4,0.25,0.25,0.25,59741,44823
SC4,sc4,NPMEX,combo2,zeek+syslog,0.75,1,4,0.5,0.5,0.5,66618,49964
SC4,sc4,NPMEX,combo2,zeek+auth,0.75,1,4,0.5,0.5,0.5,12314,9200
SC4,sc4,NPMEX,combo2,auditd+zeek,0.75,2,4,0.25,0.25,0.25,11859,8893
SC4,sc4,NPMEX,combo2,syslog+auth,0.75,2,4,0.5,0.5,0.5,60196,45260
SC4,sc4,NPMEX,combo2,auditd+syslog,0.75,2,4,0.5,0.5,0.5,59741,44947
SC4,sc4,NPMEX,combo2,zeek+syslog,0.75,2,4,0.75,0.75,0.75,66618,50032
SC4,sc4,NPMEX,combo2,zeek+auth,0.75,2,4,0.5,0.5,0.5,12314,9206
SC4,sc4,NPMEX,combo2,auditd+zeek,0.75,3,4,0.25,0.25,0.25,11859,8830
SC4,sc4,NPMEX,combo2,syslog+auth,0.75,3,4,0.5,0.5,0.5,60196,45130
SC4,sc4,NPMEX,combo2,auditd+syslog,0.75,3,4,0.5,0.5,0.5,59741,44747
SC4,sc4,NPMEX,combo2,zeek+syslog,0.75,3,4,0.75,0.75,0.75,66618,49877
SC4,sc4,NPMEX,combo2,zeek+auth,0.75,3,4,0.5,0.5,0.5,12314,9213
SC4,sc4,NPMEX,combo2,auditd+zeek,0.75,4,4,0.25,0.25,0.25,11859,8878
SC4,sc4,NPMEX,combo2,syslog+auth,0.75,4,4,0.5,0.5,0.5,60196,45147
SC4,sc4,NPMEX,combo2,auditd+syslog,0.75,4,4,0.5,0.5,0.5,59741,44795
SC4,sc4,NPMEX,combo2,zeek+syslog,0.75,4,4,0.75,0.75,0.75,66618,49961
SC4,sc4,NPMEX,combo2,zeek+auth,0.75,4,4,0.5,0.5,0.5,12314,9230
SC4,sc4,NPMEX,combo2,auditd+zeek,0.5,0,4,0.25,0.25,0.25,11859,5980
SC4,sc4,NPMEX,combo2,syslog+auth,0.5,0,4,0.25,0.25,0.25,60196,30083
SC4,sc4,NPMEX,combo2,auditd+syslog,0.5,0,4,0.25,0.25,0.25,59741,29889
SC4,sc4,NPMEX,combo2,zeek+syslog,0.5,0,4,0.5,0.5,0.5,66618,33313
SC4,sc4,NPMEX,combo2,zeek+auth,0.5,0,4,0.5,0.5,0.5,12314,6174
SC4,sc4,NPMEX,combo2,auditd+zeek,0.5,1,4,0.25,0.25,0.25,11859,5901
SC4,sc4,NPMEX,combo2,syslog+auth,0.5,1,4,0.25,0.25,0.25,60196,29988
SC4,sc4,NPMEX,combo2,auditd+syslog,0.5,1,4,0.25,0.25,0.25,59741,29729
SC4,sc4,NPMEX,combo2,zeek+syslog,0.5,1,4,0.5,0.5,0.5,66618,33188
SC4,sc4,NPMEX,combo2,zeek+auth,0.5,1,4,0.5,0.5,0.5,12314,6160
SC4,sc4,NPMEX,combo2,auditd+zeek,0.5,2,4,0.25,0.25,0.25,11859,5921
SC4,sc4,NPMEX,combo2,syslog+auth,0.5,2,4,0.25,0.25,0.25,60196,30266
SC4,sc4,NPMEX,combo2,auditd+syslog,0.5,2,4,0.25,0.25,0.25,59741,30031
SC4,sc4,NPMEX,combo2,zeek+syslog,0.5,2,4,0.5,0.5,0.5,66618,33460
SC4,sc4,NPMEX,combo2,zeek+auth,0.5,2,4,0.5,0.5,0.5,12314,6156
SC4,sc4,NPMEX,combo2,auditd+zeek,0.5,3,4,0.25,0.25,0.25,11859,5854
SC4,sc4,NPMEX,combo2,syslog+auth,0.5,3,4,0.5,0.5,0.5,60196,30087
SC4,sc4,NPMEX,combo2,auditd+syslog,0.5,3,4,0.5,0.5,0.5,59741,29825
SC4,sc4,NPMEX,combo2,zeek+syslog,0.5,3,4,0.75,0.75,0.75,66618,33233
SC4,sc4,NPMEX,combo2,zeek+auth,0.5,3,4,0.5,0.5,0.5,12314,6116
SC4,sc4,NPMEX,combo2,auditd+zeek,0.5,4,4,0.25,0.25,0.25,11859,5902
SC4,sc4,NPMEX,combo2,syslog+auth,0.5,4,4,0.5,0.5,0.5,60196,29995
SC4,sc4,NPMEX,combo2,auditd+syslog,0.5,4,4,0.5,0.5,0.5,59741,29748
SC4,sc4,NPMEX,combo2,zeek+syslog,0.5,4,4,0.75,0.75,0.75,66618,33198
SC4,sc4,NPMEX,combo2,zeek+auth,0.5,4,4,0.5,0.5,0.5,12314,6149
SC4,sc4,NPMEX,combo2,auditd+zeek,0.25,0,4,0.25,0.25,0.25,11859,2972
SC4,sc4,NPMEX,combo2,syslog+auth,0.25,0,4,0.25,0.25,0.25,60196,15051
SC4,sc4,NPMEX,combo2,auditd+syslog,0.25,0,4,0.25,0.25,0.25,59741,14999
SC4,sc4,NPMEX,combo2,zeek+syslog,0.25,0,4,0.5,0.5,0.5,66618,16639
SC4,sc4,NPMEX,combo2,zeek+auth,0.25,0,4,0.5,0.5,0.5,12314,3024
SC4,sc4,NPMEX,combo2,auditd+zeek,0.25,1,4,0.25,0.25,0.25,11859,2916
SC4,sc4,NPMEX,combo2,syslog+auth,0.25,1,4,0.25,0.25,0.25,60196,15063
SC4,sc4,NPMEX,combo2,auditd+syslog,0.25,1,4,0.25,0.25,0.25,59741,14943
SC4,sc4,NPMEX,combo2,zeek+syslog,0.25,1,4,0.5,0.5,0.5,66618,16663
SC4,sc4,NPMEX,combo2,zeek+auth,0.25,1,4,0.5,0.5,0.5,12314,3036
SC4,sc4,NPMEX,combo2,auditd+zeek,0.25,2,4,0.25,0.25,0.25,11859,2943
SC4,sc4,NPMEX,combo2,syslog+auth,0.25,2,4,0.25,0.25,0.25,60196,15152
SC4,sc4,NPMEX,combo2,auditd+syslog,0.25,2,4,0.25,0.25,0.25,59741,15028
SC4,sc4,NPMEX,combo2,zeek+syslog,0.25,2,4,0.5,0.5,0.5,66618,16709
SC4,sc4,NPMEX,combo2,zeek+auth,0.25,2,4,0.5,0.5,0.5,12314,3067
SC4,sc4,NPMEX,combo2,auditd+zeek,0.25,3,4,0.25,0.25,0.25,11859,2953
SC4,sc4,NPMEX,combo2,syslog+auth,0.25,3,4,0.5,0.25,0.5,60196,15015
SC4,sc4,NPMEX,combo2,auditd+syslog,0.25,3,4,0.5,0.25,0.5,59741,14891
SC4,sc4,NPMEX,combo2,zeek+syslog,0.25,3,4,0.75,0.5,0.75,66618,16628
SC4,sc4,NPMEX,combo2,zeek+auth,0.25,3,4,0.5,0.5,0.5,12314,3077
SC4,sc4,NPMEX,combo2,auditd+zeek,0.25,4,4,0.25,0.25,0.25,11859,2919
SC4,sc4,NPMEX,combo2,syslog+auth,0.25,4,4,0.5,0.5,0.5,60196,14882
SC4,sc4,NPMEX,combo2,auditd+syslog,0.25,4,4,0.5,0.25,0.5,59741,14767
SC4,sc4,NPMEX,combo2,zeek+syslog,0.25,4,4,0.75,0.5,0.75,66618,16464
SC4,sc4,NPMEX,combo2,zeek+auth,0.25,4,4,0.5,0.5,0.5,12314,3034
SC4,sc4,NPMEX,combo2,auditd+zeek,0.1,0,4,0.25,0.25,0.25,11859,1181
SC4,sc4,NPMEX,combo2,syslog+auth,0.1,0,4,0.25,0.25,0.25,60196,6025
SC4,sc4,NPMEX,combo2,auditd+syslog,0.1,0,4,0.25,0.25,0.25,59741,6004
SC4,sc4,NPMEX,combo2,zeek+syslog,0.1,0,4,0.5,0.5,0.5,66618,6655
SC4,sc4,NPMEX,combo2,zeek+auth,0.1,0,4,0.5,0.5,0.5,12314,1202
SC4,sc4,NPMEX,combo2,auditd+zeek,0.1,1,4,0.25,0.25,0.25,11859,1157
SC4,sc4,NPMEX,combo2,syslog+auth,0.1,1,4,0.0,0.0,0.0,60196,6186
SC4,sc4,NPMEX,combo2,auditd+syslog,0.1,1,4,0.0,0.0,0.0,59741,6133
SC4,sc4,NPMEX,combo2,zeek+syslog,0.1,1,4,0.25,0.25,0.25,66618,6846
SC4,sc4,NPMEX,combo2,zeek+auth,0.1,1,4,0.25,0.25,0.25,12314,1210
SC4,sc4,NPMEX,combo2,auditd+zeek,0.1,2,4,0.25,0.25,0.25,11859,1177
SC4,sc4,NPMEX,combo2,syslog+auth,0.1,2,4,0.25,0.25,0.25,60196,6101
SC4,sc4,NPMEX,combo2,auditd+syslog,0.1,2,4,0.25,0.25,0.25,59741,6037
SC4,sc4,NPMEX,combo2,zeek+syslog,0.1,2,4,0.5,0.5,0.5,66618,6700
SC4,sc4,NPMEX,combo2,zeek+auth,0.1,2,4,0.25,0.25,0.25,12314,1241
SC4,sc4,NPMEX,combo2,auditd+zeek,0.1,3,4,0.25,0.25,0.25,11859,1150
SC4,sc4,NPMEX,combo2,syslog+auth,0.1,3,4,0.5,0.25,0.5,60196,5923
SC4,sc4,NPMEX,combo2,auditd+syslog,0.1,3,4,0.5,0.25,0.5,59741,5905
SC4,sc4,NPMEX,combo2,zeek+syslog,0.1,3,4,0.75,0.5,0.75,66618,6563
SC4,sc4,NPMEX,combo2,zeek+auth,0.1,3,4,0.5,0.5,0.5,12314,1168
SC4,sc4,NPMEX,combo2,auditd+zeek,0.1,4,4,0.25,0.25,0.25,11859,1193
SC4,sc4,NPMEX,combo2,syslog+auth,0.1,4,4,0.25,0.25,0.25,60196,5950
SC4,sc4,NPMEX,combo2,auditd+syslog,0.1,4,4,0.25,0.25,0.25,59741,5898
SC4,sc4,NPMEX,combo2,zeek+syslog,0.1,4,4,0.5,0.5,0.5,66618,6607
SC4,sc4,NPMEX,combo2,zeek+auth,0.1,4,4,0.5,0.5,0.5,12314,1245
SC4,sc4,NPMEX,multi,auditd+auth+suricata+syslog+zeek,1.0,0,4,0.75,0.75,0.75,188270,188270
SC4,sc4,NPMEX,multi,auditd+auth+suricata+syslog+zeek,1.0,1,4,0.75,0.75,0.75,188270,188270
SC4,sc4,NPMEX,multi,auditd+auth+suricata+syslog+zeek,1.0,2,4,0.75,0.75,0.75,188270,188270
SC4,sc4,NPMEX,multi,auditd+auth+suricata+syslog+zeek,1.0,3,4,0.75,0.75,0.75,188270,188270
SC4,sc4,NPMEX,multi,auditd+auth+suricata+syslog+zeek,1.0,4,4,0.75,0.75,0.75,188270,188270
SC4,sc4,NPMEX,multi,auditd+auth+suricata+syslog+zeek,0.75,0,4,0.75,0.75,0.75,188270,141184
SC4,sc4,NPMEX,multi,auditd+auth+suricata+syslog+zeek,0.75,1,4,0.5,0.5,0.5,188270,140979
SC4,sc4,NPMEX,multi,auditd+auth+suricata+syslog+zeek,0.75,2,4,0.75,0.75,0.75,188270,141160
SC4,sc4,NPMEX,multi,auditd+auth+suricata+syslog+zeek,0.75,3,4,0.75,0.75,0.75,188270,141137
SC4,sc4,NPMEX,multi,auditd+auth+suricata+syslog+zeek,0.75,4,4,0.75,0.75,0.75,188270,141005
SC4,sc4,NPMEX,multi,auditd+auth+suricata+syslog+zeek,0.5,0,4,0.5,0.5,0.5,188270,93926
SC4,sc4,NPMEX,multi,auditd+auth+suricata+syslog+zeek,0.5,1,4,0.5,0.5,0.5,188270,94023
SC4,sc4,NPMEX,multi,auditd+auth+suricata+syslog+zeek,0.5,2,4,0.5,0.5,0.5,188270,94103
SC4,sc4,NPMEX,multi,auditd+auth+suricata+syslog+zeek,0.5,3,4,0.75,0.75,0.75,188270,94243
SC4,sc4,NPMEX,multi,auditd+auth+suricata+syslog+zeek,0.5,4,4,0.75,0.75,0.75,188270,93889
SC4,sc4,NPMEX,multi,auditd+auth+suricata+syslog+zeek,0.25,0,4,0.5,0.5,0.5,188270,47087
SC4,sc4,NPMEX,multi,auditd+auth+suricata+syslog+zeek,0.25,1,4,0.5,0.5,0.5,188270,47013
SC4,sc4,NPMEX,multi,auditd+auth+suricata+syslog+zeek,0.25,2,4,0.5,0.5,0.5,188270,47099
SC4,sc4,NPMEX,multi,auditd+auth+suricata+syslog+zeek,0.25,3,4,0.75,0.5,0.75,188270,47137
SC4,sc4,NPMEX,multi,auditd+auth+suricata+syslog+zeek,0.25,4,4,0.75,0.75,0.75,188270,46655
SC4,sc4,NPMEX,multi,auditd+auth+suricata+syslog+zeek,0.1,0,4,0.5,0.5,0.5,188270,18868
SC4,sc4,NPMEX,multi,auditd+auth+suricata+syslog+zeek,0.1,1,4,0.25,0.25,0.25,188270,18892
SC4,sc4,NPMEX,multi,auditd+auth+suricata+syslog+zeek,0.1,2,4,0.5,0.5,0.5,188270,18839
SC4,sc4,NPMEX,multi,auditd+auth+suricata+syslog+zeek,0.1,3,4,0.75,0.5,0.75,188270,18606
SC4,sc4,NPMEX,multi,auditd+auth+suricata+syslog+zeek,0.1,4,4,0.5,0.5,0.5,188270,18719
SC5,sc5,3CX,single,azure_events,1.0,0,4,0.25,0.25,0.25,7453,7453
SC5,sc5,3CX,single,azure_events,1.0,1,4,0.25,0.25,0.25,7453,7453
SC5,sc5,3CX,single,azure_events,1.0,2,4,0.25,0.25,0.25,7453,7453
SC5,sc5,3CX,single,azure_events,1.0,3,4,0.25,0.25,0.25,7453,7453
SC5,sc5,3CX,single,azure_events,1.0,4,4,0.25,0.25,0.25,7453,7453
SC5,sc5,3CX,single,azure_events,0.75,0,4,0.25,0.25,0.25,7453,5596
SC5,sc5,3CX,single,azure_events,0.75,1,4,0.25,0.25,0.25,7453,5593
SC5,sc5,3CX,single,azure_events,0.75,2,4,0.25,0.25,0.25,7453,5640
SC5,sc5,3CX,single,azure_events,0.75,3,4,0.25,0.25,0.25,7453,5597
SC5,sc5,3CX,single,azure_events,0.75,4,4,0.25,0.25,0.25,7453,5618
SC5,sc5,3CX,single,azure_events,0.5,0,4,0.25,0.25,0.25,7453,3675
SC5,sc5,3CX,single,azure_events,0.5,1,4,0.25,0.25,0.25,7453,3729
SC5,sc5,3CX,single,azure_events,0.5,2,4,0.25,0.25,0.25,7453,3787
SC5,sc5,3CX,single,azure_events,0.5,3,4,0.25,0.25,0.25,7453,3726
SC5,sc5,3CX,single,azure_events,0.5,4,4,0.25,0.25,0.25,7453,3803
SC5,sc5,3CX,single,azure_events,0.25,0,4,0.25,0.25,0.25,7453,1831
SC5,sc5,3CX,single,azure_events,0.25,1,4,0.25,0.25,0.25,7453,1856
SC5,sc5,3CX,single,azure_events,0.25,2,4,0.25,0.25,0.25,7453,1878
SC5,sc5,3CX,single,azure_events,0.25,3,4,0.25,0.25,0.25,7453,1870
SC5,sc5,3CX,single,azure_events,0.25,4,4,0.25,0.25,0.25,7453,1877
SC5,sc5,3CX,single,azure_events,0.1,0,4,0.25,0.25,0.25,7453,764
SC5,sc5,3CX,single,azure_events,0.1,1,4,0.25,0.25,0.25,7453,722
SC5,sc5,3CX,single,azure_events,0.1,2,4,0.25,0.25,0.25,7453,729
SC5,sc5,3CX,single,azure_events,0.1,3,4,0.25,0.25,0.25,7453,711
SC5,sc5,3CX,single,azure_events,0.1,4,4,0.25,0.25,0.25,7453,703
SC5,sc5,3CX,multi,azure_events,1.0,0,4,0.25,0.25,0.25,7453,7453
SC5,sc5,3CX,multi,azure_events,1.0,1,4,0.25,0.25,0.25,7453,7453
SC5,sc5,3CX,multi,azure_events,1.0,2,4,0.25,0.25,0.25,7453,7453
SC5,sc5,3CX,multi,azure_events,1.0,3,4,0.25,0.25,0.25,7453,7453
SC5,sc5,3CX,multi,azure_events,1.0,4,4,0.25,0.25,0.25,7453,7453
SC5,sc5,3CX,multi,azure_events,0.75,0,4,0.25,0.25,0.25,7453,5596
SC5,sc5,3CX,multi,azure_events,0.75,1,4,0.25,0.25,0.25,7453,5593
SC5,sc5,3CX,multi,azure_events,0.75,2,4,0.25,0.25,0.25,7453,5640
SC5,sc5,3CX,multi,azure_events,0.75,3,4,0.25,0.25,0.25,7453,5597
SC5,sc5,3CX,multi,azure_events,0.75,4,4,0.25,0.25,0.25,7453,5618
SC5,sc5,3CX,multi,azure_events,0.5,0,4,0.25,0.25,0.25,7453,3675
SC5,sc5,3CX,multi,azure_events,0.5,1,4,0.25,0.25,0.25,7453,3729
SC5,sc5,3CX,multi,azure_events,0.5,2,4,0.25,0.25,0.25,7453,3787
SC5,sc5,3CX,multi,azure_events,0.5,3,4,0.25,0.25,0.25,7453,3726
SC5,sc5,3CX,multi,azure_events,0.5,4,4,0.25,0.25,0.25,7453,3803
SC5,sc5,3CX,multi,azure_events,0.25,0,4,0.25,0.25,0.25,7453,1831
SC5,sc5,3CX,multi,azure_events,0.25,1,4,0.25,0.25,0.25,7453,1856
SC5,sc5,3CX,multi,azure_events,0.25,2,4,0.25,0.25,0.25,7453,1878
SC5,sc5,3CX,multi,azure_events,0.25,3,4,0.25,0.25,0.25,7453,1870
SC5,sc5,3CX,multi,azure_events,0.25,4,4,0.25,0.25,0.25,7453,1877
SC5,sc5,3CX,multi,azure_events,0.1,0,4,0.25,0.25,0.25,7453,764
SC5,sc5,3CX,multi,azure_events,0.1,1,4,0.25,0.25,0.25,7453,722
SC5,sc5,3CX,multi,azure_events,0.1,2,4,0.25,0.25,0.25,7453,729
SC5,sc5,3CX,multi,azure_events,0.1,3,4,0.25,0.25,0.25,7453,711
SC5,sc5,3CX,multi,azure_events,0.1,4,4,0.25,0.25,0.25,7453,703
SC6,sc6,CloudEX,single,azure_events,1.0,0,4,0.25,0.25,0.25,6528,6528
SC6,sc6,CloudEX,single,syslog,1.0,0,4,0.25,0.25,0.25,3246,3246
SC6,sc6,CloudEX,single,azure_events,1.0,1,4,0.25,0.25,0.25,6528,6528
SC6,sc6,CloudEX,single,syslog,1.0,1,4,0.25,0.25,0.25,3246,3246
SC6,sc6,CloudEX,single,azure_events,1.0,2,4,0.25,0.25,0.25,6528,6528
SC6,sc6,CloudEX,single,syslog,1.0,2,4,0.25,0.25,0.25,3246,3246
SC6,sc6,CloudEX,single,azure_events,1.0,3,4,0.25,0.25,0.25,6528,6528
SC6,sc6,CloudEX,single,syslog,1.0,3,4,0.25,0.25,0.25,3246,3246
SC6,sc6,CloudEX,single,azure_events,1.0,4,4,0.25,0.25,0.25,6528,6528
SC6,sc6,CloudEX,single,syslog,1.0,4,4,0.25,0.25,0.25,3246,3246
SC6,sc6,CloudEX,single,azure_events,0.75,0,4,0.25,0.25,0.25,6528,4902
SC6,sc6,CloudEX,single,syslog,0.75,0,4,0.25,0.25,0.25,3246,2414
SC6,sc6,CloudEX,single,azure_events,0.75,1,4,0.25,0.25,0.25,6528,4899
SC6,sc6,CloudEX,single,syslog,0.75,1,4,0.25,0.25,0.25,3246,2412
SC6,sc6,CloudEX,single,azure_events,0.75,2,4,0.25,0.25,0.25,6528,4939
SC6,sc6,CloudEX,single,syslog,0.75,2,4,0.25,0.25,0.25,3246,2420
SC6,sc6,CloudEX,single,azure_events,0.75,3,4,0.25,0.25,0.25,6528,4870
SC6,sc6,CloudEX,single,syslog,0.75,3,4,0.25,0.25,0.25,3246,2433
SC6,sc6,CloudEX,single,azure_events,0.75,4,4,0.25,0.25,0.25,6528,4924
SC6,sc6,CloudEX,single,syslog,0.75,4,4,0.25,0.25,0.25,3246,2381
SC6,sc6,CloudEX,single,azure_events,0.5,0,4,0.25,0.25,0.25,6528,3212
SC6,sc6,CloudEX,single,syslog,0.5,0,4,0.25,0.25,0.25,3246,1593
SC6,sc6,CloudEX,single,azure_events,0.5,1,4,0.25,0.25,0.25,6528,3268
SC6,sc6,CloudEX,single,syslog,0.5,1,4,0.25,0.25,0.25,3246,1598
SC6,sc6,CloudEX,single,azure_events,0.5,2,4,0.25,0.25,0.25,6528,3323
SC6,sc6,CloudEX,single,syslog,0.5,2,4,0.25,0.25,0.25,3246,1614
SC6,sc6,CloudEX,single,azure_events,0.5,3,4,0.25,0.25,0.25,6528,3249
SC6,sc6,CloudEX,single,syslog,0.5,3,4,0.25,0.25,0.25,3246,1620
SC6,sc6,CloudEX,single,azure_events,0.5,4,4,0.25,0.25,0.25,6528,3323
SC6,sc6,CloudEX,single,syslog,0.5,4,4,0.25,0.25,0.25,3246,1587
SC6,sc6,CloudEX,single,azure_events,0.25,0,4,0.25,0.25,0.25,6528,1603
SC6,sc6,CloudEX,single,syslog,0.25,0,4,0.25,0.25,0.25,3246,812
SC6,sc6,CloudEX,single,azure_events,0.25,1,4,0.25,0.25,0.25,6528,1616
SC6,sc6,CloudEX,single,syslog,0.25,1,4,0.25,0.25,0.25,3246,813
SC6,sc6,CloudEX,single,azure_events,0.25,2,4,0.25,0.25,0.25,6528,1635
SC6,sc6,CloudEX,single,syslog,0.25,2,4,0.25,0.25,0.25,3246,826
SC6,sc6,CloudEX,single,azure_events,0.25,3,4,0.25,0.25,0.25,6528,1639
SC6,sc6,CloudEX,single,syslog,0.25,3,4,0.25,0.25,0.25,3246,852
SC6,sc6,CloudEX,single,azure_events,0.25,4,4,0.25,0.25,0.25,6528,1626
SC6,sc6,CloudEX,single,syslog,0.25,4,4,0.25,0.25,0.25,3246,765
SC6,sc6,CloudEX,single,azure_events,0.1,0,4,0.0,0.0,0.0,6528,676
SC6,sc6,CloudEX,single,syslog,0.1,0,4,0.25,0.25,0.25,3246,349
SC6,sc6,CloudEX,single,azure_events,0.1,1,4,0.25,0.25,0.25,6528,619
SC6,sc6,CloudEX,single,syslog,0.1,1,4,0.25,0.25,0.25,3246,334
SC6,sc6,CloudEX,single,azure_events,0.1,2,4,0.25,0.25,0.25,6528,640
SC6,sc6,CloudEX,single,syslog,0.1,2,4,0.25,0.25,0.25,3246,332
SC6,sc6,CloudEX,single,azure_events,0.1,3,4,0.0,0.0,0.0,6528,624
SC6,sc6,CloudEX,single,syslog,0.1,3,4,0.25,0.25,0.25,3246,322
SC6,sc6,CloudEX,single,azure_events,0.1,4,4,0.25,0.25,0.25,6528,622
SC6,sc6,CloudEX,single,syslog,0.1,4,4,0.25,0.25,0.25,3246,313
SC6,sc6,CloudEX,combo2,syslog+azure_events,1.0,0,4,0.25,0.25,0.25,9774,9774
SC6,sc6,CloudEX,combo2,syslog+azure_events,1.0,1,4,0.25,0.25,0.25,9774,9774
SC6,sc6,CloudEX,combo2,syslog+azure_events,1.0,2,4,0.25,0.25,0.25,9774,9774
SC6,sc6,CloudEX,combo2,syslog+azure_events,1.0,3,4,0.25,0.25,0.25,9774,9774
SC6,sc6,CloudEX,combo2,syslog+azure_events,1.0,4,4,0.25,0.25,0.25,9774,9774
SC6,sc6,CloudEX,combo2,syslog+azure_events,0.75,0,4,0.25,0.25,0.25,9774,7316
SC6,sc6,CloudEX,combo2,syslog+azure_events,0.75,1,4,0.25,0.25,0.25,9774,7311
SC6,sc6,CloudEX,combo2,syslog+azure_events,0.75,2,4,0.25,0.25,0.25,9774,7359
SC6,sc6,CloudEX,combo2,syslog+azure_events,0.75,3,4,0.25,0.25,0.25,9774,7303
SC6,sc6,CloudEX,combo2,syslog+azure_events,0.75,4,4,0.25,0.25,0.25,9774,7305
SC6,sc6,CloudEX,combo2,syslog+azure_events,0.5,0,4,0.25,0.25,0.25,9774,4805
SC6,sc6,CloudEX,combo2,syslog+azure_events,0.5,1,4,0.25,0.25,0.25,9774,4866
SC6,sc6,CloudEX,combo2,syslog+azure_events,0.5,2,4,0.25,0.25,0.25,9774,4937
SC6,sc6,CloudEX,combo2,syslog+azure_events,0.5,3,4,0.25,0.25,0.25,9774,4869
SC6,sc6,CloudEX,combo2,syslog+azure_events,0.5,4,4,0.25,0.25,0.25,9774,4910
SC6,sc6,CloudEX,combo2,syslog+azure_events,0.25,0,4,0.25,0.25,0.25,9774,2415
SC6,sc6,CloudEX,combo2,syslog+azure_events,0.25,1,4,0.25,0.25,0.25,9774,2429
SC6,sc6,CloudEX,combo2,syslog+azure_events,0.25,2,4,0.25,0.25,0.25,9774,2461
SC6,sc6,CloudEX,combo2,syslog+azure_events,0.25,3,4,0.25,0.25,0.25,9774,2491
SC6,sc6,CloudEX,combo2,syslog+azure_events,0.25,4,4,0.25,0.25,0.25,9774,2391
SC6,sc6,CloudEX,combo2,syslog+azure_events,0.1,0,4,0.25,0.25,0.25,9774,1025
SC6,sc6,CloudEX,combo2,syslog+azure_events,0.1,1,4,0.25,0.25,0.25,9774,953
SC6,sc6,CloudEX,combo2,syslog+azure_events,0.1,2,4,0.25,0.25,0.25,9774,972
SC6,sc6,CloudEX,combo2,syslog+azure_events,0.1,3,4,0.25,0.25,0.25,9774,946
SC6,sc6,CloudEX,combo2,syslog+azure_events,0.1,4,4,0.25,0.25,0.25,9774,935
SC6,sc6,CloudEX,multi,azure_events+syslog,1.0,0,4,0.25,0.25,0.25,9774,9774
SC6,sc6,CloudEX,multi,azure_events+syslog,1.0,1,4,0.25,0.25,0.25,9774,9774
SC6,sc6,CloudEX,multi,azure_events+syslog,1.0,2,4,0.25,0.25,0.25,9774,9774
SC6,sc6,CloudEX,multi,azure_events+syslog,1.0,3,4,0.25,0.25,0.25,9774,9774
SC6,sc6,CloudEX,multi,azure_events+syslog,1.0,4,4,0.25,0.25,0.25,9774,9774
SC6,sc6,CloudEX,multi,azure_events+syslog,0.75,0,4,0.25,0.25,0.25,9774,7316
SC6,sc6,CloudEX,multi,azure_events+syslog,0.75,1,4,0.25,0.25,0.25,9774,7311
SC6,sc6,CloudEX,multi,azure_events+syslog,0.75,2,4,0.25,0.25,0.25,9774,7359
SC6,sc6,CloudEX,multi,azure_events+syslog,0.75,3,4,0.25,0.25,0.25,9774,7303
SC6,sc6,CloudEX,multi,azure_events+syslog,0.75,4,4,0.25,0.25,0.25,9774,7305
SC6,sc6,CloudEX,multi,azure_events+syslog,0.5,0,4,0.25,0.25,0.25,9774,4805
SC6,sc6,CloudEX,multi,azure_events+syslog,0.5,1,4,0.25,0.25,0.25,9774,4866
SC6,sc6,CloudEX,multi,azure_events+syslog,0.5,2,4,0.25,0.25,0.25,9774,4937
SC6,sc6,CloudEX,multi,azure_events+syslog,0.5,3,4,0.25,0.25,0.25,9774,4869
SC6,sc6,CloudEX,multi,azure_events+syslog,0.5,4,4,0.25,0.25,0.25,9774,4910
SC6,sc6,CloudEX,multi,azure_events+syslog,0.25,0,4,0.25,0.25,0.25,9774,2415
SC6,sc6,CloudEX,multi,azure_events+syslog,0.25,1,4,0.25,0.25,0.25,9774,2429
SC6,sc6,CloudEX,multi,azure_events+syslog,0.25,2,4,0.25,0.25,0.25,9774,2461
SC6,sc6,CloudEX,multi,azure_events+syslog,0.25,3,4,0.25,0.25,0.25,9774,2491
SC6,sc6,CloudEX,multi,azure_events+syslog,0.25,4,4,0.25,0.25,0.25,9774,2391
SC6,sc6,CloudEX,multi,azure_events+syslog,0.1,0,4,0.25,0.25,0.25,9774,1025
SC6,sc6,CloudEX,multi,azure_events+syslog,0.1,1,4,0.25,0.25,0.25,9774,953
SC6,sc6,CloudEX,multi,azure_events+syslog,0.1,2,4,0.25,0.25,0.25,9774,972
SC6,sc6,CloudEX,multi,azure_events+syslog,0.1,3,4,0.25,0.25,0.25,9774,946
SC6,sc6,CloudEX,multi,azure_events+syslog,0.1,4,4,0.25,0.25,0.25,9774,935
SC7,sc7,LayerInj,single,auditd,1.0,0,3,0.3333,0.3333,0.3333,14763,14763
SC7,sc7,LayerInj,single,suricata,1.0,0,3,0.6667,0.6667,0.6667,58880,58880
SC7,sc7,LayerInj,single,syslog,1.0,0,3,0.0,0.0,0.0,9805,9805
SC7,sc7,LayerInj,single,zeek,1.0,0,3,0.3333,0.3333,0.3333,6462,6462
SC7,sc7,LayerInj,single,tracee,1.0,0,3,0.3333,0.3333,0.3333,132136,132136
SC7,sc7,LayerInj,single,auditd,1.0,1,3,0.3333,0.3333,0.3333,14763,14763
SC7,sc7,LayerInj,single,suricata,1.0,1,3,0.6667,0.6667,0.6667,58880,58880
SC7,sc7,LayerInj,single,syslog,1.0,1,3,0.0,0.0,0.0,9805,9805
SC7,sc7,LayerInj,single,zeek,1.0,1,3,0.3333,0.3333,0.3333,6462,6462
SC7,sc7,LayerInj,single,tracee,1.0,1,3,0.3333,0.3333,0.3333,132136,132136
SC7,sc7,LayerInj,single,auditd,1.0,2,3,0.3333,0.3333,0.3333,14763,14763
SC7,sc7,LayerInj,single,suricata,1.0,2,3,0.6667,0.6667,0.6667,58880,58880
SC7,sc7,LayerInj,single,syslog,1.0,2,3,0.0,0.0,0.0,9805,9805
SC7,sc7,LayerInj,single,zeek,1.0,2,3,0.3333,0.3333,0.3333,6462,6462
SC7,sc7,LayerInj,single,tracee,1.0,2,3,0.3333,0.3333,0.3333,132136,132136
SC7,sc7,LayerInj,single,auditd,1.0,3,3,0.3333,0.3333,0.3333,14763,14763
SC7,sc7,LayerInj,single,suricata,1.0,3,3,0.6667,0.6667,0.6667,58880,58880
SC7,sc7,LayerInj,single,syslog,1.0,3,3,0.0,0.0,0.0,9805,9805
SC7,sc7,LayerInj,single,zeek,1.0,3,3,0.3333,0.3333,0.3333,6462,6462
SC7,sc7,LayerInj,single,tracee,1.0,3,3,0.3333,0.3333,0.3333,132136,132136
SC7,sc7,LayerInj,single,auditd,1.0,4,3,0.3333,0.3333,0.3333,14763,14763
SC7,sc7,LayerInj,single,suricata,1.0,4,3,0.6667,0.6667,0.6667,58880,58880
SC7,sc7,LayerInj,single,syslog,1.0,4,3,0.0,0.0,0.0,9805,9805
SC7,sc7,LayerInj,single,zeek,1.0,4,3,0.3333,0.3333,0.3333,6462,6462
SC7,sc7,LayerInj,single,tracee,1.0,4,3,0.3333,0.3333,0.3333,132136,132136
SC7,sc7,LayerInj,single,auditd,0.75,0,3,0.3333,0.3333,0.3333,14763,10955
SC7,sc7,LayerInj,single,suricata,0.75,0,3,0.6667,0.6667,0.6667,58880,44030
SC7,sc7,LayerInj,single,syslog,0.75,0,3,0.0,0.0,0.0,9805,7338
SC7,sc7,LayerInj,single,zeek,0.75,0,3,0.3333,0.3333,0.3333,6462,4870
SC7,sc7,LayerInj,single,tracee,0.75,0,3,0.3333,0.3333,0.3333,132136,99199
SC7,sc7,LayerInj,single,auditd,0.75,1,3,0.3333,0.3333,0.3333,14763,10988
SC7,sc7,LayerInj,single,suricata,0.75,1,3,0.6667,0.6667,0.6667,58880,44075
SC7,sc7,LayerInj,single,syslog,0.75,1,3,0.0,0.0,0.0,9805,7343
SC7,sc7,LayerInj,single,zeek,0.75,1,3,0.3333,0.3333,0.3333,6462,4859
SC7,sc7,LayerInj,single,tracee,0.75,1,3,0.3333,0.3333,0.3333,132136,98996
SC7,sc7,LayerInj,single,auditd,0.75,2,3,0.3333,0.3333,0.3333,14763,11141
SC7,sc7,LayerInj,single,suricata,0.75,2,3,0.6667,0.6667,0.6667,58880,44014
SC7,sc7,LayerInj,single,syslog,0.75,2,3,0.0,0.0,0.0,9805,7386
SC7,sc7,LayerInj,single,zeek,0.75,2,3,0.3333,0.3333,0.3333,6462,4827
SC7,sc7,LayerInj,single,tracee,0.75,2,3,0.3333,0.3333,0.3333,132136,99054
SC7,sc7,LayerInj,single,auditd,0.75,3,3,0.0,0.0,0.0,14763,11037
SC7,sc7,LayerInj,single,suricata,0.75,3,3,0.6667,0.6667,0.6667,58880,44092
SC7,sc7,LayerInj,single,syslog,0.75,3,3,0.0,0.0,0.0,9805,7364
SC7,sc7,LayerInj,single,zeek,0.75,3,3,0.3333,0.3333,0.3333,6462,4786
SC7,sc7,LayerInj,single,tracee,0.75,3,3,0.3333,0.3333,0.3333,132136,99116
SC7,sc7,LayerInj,single,auditd,0.75,4,3,0.0,0.0,0.0,14763,11028
SC7,sc7,LayerInj,single,suricata,0.75,4,3,0.6667,0.6667,0.6667,58880,44022
SC7,sc7,LayerInj,single,syslog,0.75,4,3,0.0,0.0,0.0,9805,7257
SC7,sc7,LayerInj,single,zeek,0.75,4,3,0.3333,0.3333,0.3333,6462,4831
SC7,sc7,LayerInj,single,tracee,0.75,4,3,0.3333,0.3333,0.3333,132136,99414
SC7,sc7,LayerInj,single,auditd,0.5,0,3,0.3333,0.3333,0.3333,14763,7290
SC7,sc7,LayerInj,single,suricata,0.5,0,3,0.3333,0.3333,0.3333,58880,29195
SC7,sc7,LayerInj,single,syslog,0.5,0,3,0.0,0.0,0.0,9805,4869
SC7,sc7,LayerInj,single,zeek,0.5,0,3,0.3333,0.3333,0.3333,6462,3250
SC7,sc7,LayerInj,single,tracee,0.5,0,3,0.3333,0.3333,0.3333,132136,66036
SC7,sc7,LayerInj,single,auditd,0.5,1,3,0.3333,0.3333,0.3333,14763,7302
SC7,sc7,LayerInj,single,suricata,0.5,1,3,0.6667,0.6667,0.6667,58880,29432
SC7,sc7,LayerInj,single,syslog,0.5,1,3,0.0,0.0,0.0,9805,4869
SC7,sc7,LayerInj,single,zeek,0.5,1,3,0.3333,0.3333,0.3333,6462,3245
SC7,sc7,LayerInj,single,tracee,0.5,1,3,0.3333,0.3333,0.3333,132136,66032
SC7,sc7,LayerInj,single,auditd,0.5,2,3,0.3333,0.3333,0.3333,14763,7397
SC7,sc7,LayerInj,single,suricata,0.5,2,3,0.6667,0.6667,0.6667,58880,29258
SC7,sc7,LayerInj,single,syslog,0.5,2,3,0.0,0.0,0.0,9805,4924
SC7,sc7,LayerInj,single,zeek,0.5,2,3,0.3333,0.3333,0.3333,6462,3261
SC7,sc7,LayerInj,single,tracee,0.5,2,3,0.3333,0.3333,0.3333,132136,66015
SC7,sc7,LayerInj,single,auditd,0.5,3,3,0.0,0.0,0.0,14763,7312
SC7,sc7,LayerInj,single,suricata,0.5,3,3,0.6667,0.6667,0.6667,58880,29462
SC7,sc7,LayerInj,single,syslog,0.5,3,3,0.0,0.0,0.0,9805,4921
SC7,sc7,LayerInj,single,zeek,0.5,3,3,0.3333,0.3333,0.3333,6462,3161
SC7,sc7,LayerInj,single,tracee,0.5,3,3,0.3333,0.3333,0.3333,132136,66083
SC7,sc7,LayerInj,single,auditd,0.5,4,3,0.0,0.0,0.0,14763,7314
SC7,sc7,LayerInj,single,suricata,0.5,4,3,0.6667,0.6667,0.6667,58880,29366
SC7,sc7,LayerInj,single,syslog,0.5,4,3,0.0,0.0,0.0,9805,4839
SC7,sc7,LayerInj,single,zeek,0.5,4,3,0.3333,0.3333,0.3333,6462,3228
SC7,sc7,LayerInj,single,tracee,0.5,4,3,0.3333,0.3333,0.3333,132136,66517
SC7,sc7,LayerInj,single,auditd,0.25,0,3,0.3333,0.3333,0.3333,14763,3643
SC7,sc7,LayerInj,single,suricata,0.25,0,3,0.3333,0.3333,0.3333,58880,14555
SC7,sc7,LayerInj,single,syslog,0.25,0,3,0.0,0.0,0.0,9805,2426
SC7,sc7,LayerInj,single,zeek,0.25,0,3,0.3333,0.3333,0.3333,6462,1602
SC7,sc7,LayerInj,single,tracee,0.25,0,3,0.3333,0.3333,0.3333,132136,33068
SC7,sc7,LayerInj,single,auditd,0.25,1,3,0.0,0.0,0.0,14763,3605
SC7,sc7,LayerInj,single,suricata,0.25,1,3,0.6667,0.6667,0.6667,58880,14702
SC7,sc7,LayerInj,single,syslog,0.25,1,3,0.0,0.0,0.0,9805,2457
SC7,sc7,LayerInj,single,zeek,0.25,1,3,0.3333,0.3333,0.3333,6462,1615
SC7,sc7,LayerInj,single,tracee,0.25,1,3,0.3333,0.3333,0.3333,132136,33289
SC7,sc7,LayerInj,single,auditd,0.25,2,3,0.0,0.0,0.0,14763,3674
SC7,sc7,LayerInj,single,suricata,0.25,2,3,0.6667,0.6667,0.6667,58880,14681
SC7,sc7,LayerInj,single,syslog,0.25,2,3,0.0,0.0,0.0,9805,2492
SC7,sc7,LayerInj,single,zeek,0.25,2,3,0.3333,0.3333,0.3333,6462,1611
SC7,sc7,LayerInj,single,tracee,0.25,2,3,0.3333,0.3333,0.3333,132136,32960
SC7,sc7,LayerInj,single,auditd,0.25,3,3,0.0,0.0,0.0,14763,3708
SC7,sc7,LayerInj,single,suricata,0.25,3,3,0.6667,0.6667,0.6667,58880,14755
SC7,sc7,LayerInj,single,syslog,0.25,3,3,0.0,0.0,0.0,9805,2513
SC7,sc7,LayerInj,single,zeek,0.25,3,3,0.3333,0.3333,0.3333,6462,1599
SC7,sc7,LayerInj,single,tracee,0.25,3,3,0.3333,0.3333,0.3333,132136,32859
SC7,sc7,LayerInj,single,auditd,0.25,4,3,0.0,0.0,0.0,14763,3615
SC7,sc7,LayerInj,single,suricata,0.25,4,3,0.3333,0.3333,0.3333,58880,14682
SC7,sc7,LayerInj,single,syslog,0.25,4,3,0.0,0.0,0.0,9805,2352
SC7,sc7,LayerInj,single,zeek,0.25,4,3,0.3333,0.3333,0.3333,6462,1603
SC7,sc7,LayerInj,single,tracee,0.25,4,3,0.3333,0.3333,0.3333,132136,33529
SC7,sc7,LayerInj,single,auditd,0.1,0,3,0.0,0.0,0.0,14763,1433
SC7,sc7,LayerInj,single,suricata,0.1,0,3,0.3333,0.3333,0.3333,58880,5790
SC7,sc7,LayerInj,single,syslog,0.1,0,3,0.0,0.0,0.0,9805,996
SC7,sc7,LayerInj,single,zeek,0.1,0,3,0.3333,0.3333,0.3333,6462,647
SC7,sc7,LayerInj,single,tracee,0.1,0,3,0.3333,0.3333,0.3333,132136,13202
SC7,sc7,LayerInj,single,auditd,0.1,1,3,0.0,0.0,0.0,14763,1405
SC7,sc7,LayerInj,single,suricata,0.1,1,3,0.6667,0.6667,0.6667,58880,5764
SC7,sc7,LayerInj,single,syslog,0.1,1,3,0.0,0.0,0.0,9805,1082
SC7,sc7,LayerInj,single,zeek,0.1,1,3,0.3333,0.3333,0.3333,6462,659
SC7,sc7,LayerInj,single,tracee,0.1,1,3,0.3333,0.3333,0.3333,132136,13428
SC7,sc7,LayerInj,single,auditd,0.1,2,3,0.0,0.0,0.0,14763,1467
SC7,sc7,LayerInj,single,suricata,0.1,2,3,0.6667,0.6667,0.6667,58880,5871
SC7,sc7,LayerInj,single,syslog,0.1,2,3,0.0,0.0,0.0,9805,1027
SC7,sc7,LayerInj,single,zeek,0.1,2,3,0.3333,0.3333,0.3333,6462,612
SC7,sc7,LayerInj,single,tracee,0.1,2,3,0.3333,0.3333,0.3333,132136,13186
SC7,sc7,LayerInj,single,auditd,0.1,3,3,0.0,0.0,0.0,14763,1454
SC7,sc7,LayerInj,single,suricata,0.1,3,3,0.6667,0.6667,0.6667,58880,5829
SC7,sc7,LayerInj,single,syslog,0.1,3,3,0.0,0.0,0.0,9805,1002
SC7,sc7,LayerInj,single,zeek,0.1,3,3,0.3333,0.3333,0.3333,6462,607
SC7,sc7,LayerInj,single,tracee,0.1,3,3,0.3333,0.3333,0.3333,132136,13275
SC7,sc7,LayerInj,single,auditd,0.1,4,3,0.0,0.0,0.0,14763,1478
SC7,sc7,LayerInj,single,suricata,0.1,4,3,0.3333,0.3333,0.3333,58880,5862
SC7,sc7,LayerInj,single,syslog,0.1,4,3,0.0,0.0,0.0,9805,966
SC7,sc7,LayerInj,single,zeek,0.1,4,3,0.3333,0.3333,0.3333,6462,664
SC7,sc7,LayerInj,single,tracee,0.1,4,3,0.3333,0.3333,0.3333,132136,13382
SC7,sc7,LayerInj,combo2,auditd+zeek,1.0,0,3,0.6667,0.3333,0.6667,21225,21225
SC7,sc7,LayerInj,combo2,auditd+syslog,1.0,0,3,0.3333,0.3333,0.3333,24568,24568
SC7,sc7,LayerInj,combo2,zeek+syslog,1.0,0,3,0.3333,0.3333,0.3333,16267,16267
SC7,sc7,LayerInj,combo2,auditd+zeek,1.0,1,3,0.6667,0.3333,0.6667,21225,21225
SC7,sc7,LayerInj,combo2,auditd+syslog,1.0,1,3,0.3333,0.3333,0.3333,24568,24568
SC7,sc7,LayerInj,combo2,zeek+syslog,1.0,1,3,0.3333,0.3333,0.3333,16267,16267
SC7,sc7,LayerInj,combo2,auditd+zeek,1.0,2,3,0.6667,0.3333,0.6667,21225,21225
SC7,sc7,LayerInj,combo2,auditd+syslog,1.0,2,3,0.3333,0.3333,0.3333,24568,24568
SC7,sc7,LayerInj,combo2,zeek+syslog,1.0,2,3,0.3333,0.3333,0.3333,16267,16267
SC7,sc7,LayerInj,combo2,auditd+zeek,1.0,3,3,0.6667,0.3333,0.6667,21225,21225
SC7,sc7,LayerInj,combo2,auditd+syslog,1.0,3,3,0.3333,0.3333,0.3333,24568,24568
SC7,sc7,LayerInj,combo2,zeek+syslog,1.0,3,3,0.3333,0.3333,0.3333,16267,16267
SC7,sc7,LayerInj,combo2,auditd+zeek,1.0,4,3,0.6667,0.3333,0.6667,21225,21225
SC7,sc7,LayerInj,combo2,auditd+syslog,1.0,4,3,0.3333,0.3333,0.3333,24568,24568
SC7,sc7,LayerInj,combo2,zeek+syslog,1.0,4,3,0.3333,0.3333,0.3333,16267,16267
SC7,sc7,LayerInj,combo2,auditd+zeek,0.75,0,3,0.6667,0.3333,0.6667,21225,15825
SC7,sc7,LayerInj,combo2,auditd+syslog,0.75,0,3,0.3333,0.3333,0.3333,24568,18293
SC7,sc7,LayerInj,combo2,zeek+syslog,0.75,0,3,0.3333,0.3333,0.3333,16267,12208
SC7,sc7,LayerInj,combo2,auditd+zeek,0.75,1,3,0.6667,0.3333,0.6667,21225,15847
SC7,sc7,LayerInj,combo2,auditd+syslog,0.75,1,3,0.3333,0.3333,0.3333,24568,18331
SC7,sc7,LayerInj,combo2,zeek+syslog,0.75,1,3,0.3333,0.3333,0.3333,16267,12202
SC7,sc7,LayerInj,combo2,auditd+zeek,0.75,2,3,0.6667,0.3333,0.6667,21225,15968
SC7,sc7,LayerInj,combo2,auditd+syslog,0.75,2,3,0.3333,0.3333,0.3333,24568,18527
SC7,sc7,LayerInj,combo2,zeek+syslog,0.75,2,3,0.3333,0.3333,0.3333,16267,12213
SC7,sc7,LayerInj,combo2,auditd+zeek,0.75,3,3,0.3333,0.3333,0.3333,21225,15823
SC7,sc7,LayerInj,combo2,auditd+syslog,0.75,3,3,0.0,0.0,0.0,24568,18401
SC7,sc7,LayerInj,combo2,zeek+syslog,0.75,3,3,0.3333,0.3333,0.3333,16267,12150
SC7,sc7,LayerInj,combo2,auditd+zeek,0.75,4,3,0.3333,0.3333,0.3333,21225,15859
SC7,sc7,LayerInj,combo2,auditd+syslog,0.75,4,3,0.0,0.0,0.0,24568,18285
SC7,sc7,LayerInj,combo2,zeek+syslog,0.75,4,3,0.3333,0.3333,0.3333,16267,12088
SC7,sc7,LayerInj,combo2,auditd+zeek,0.5,0,3,0.6667,0.3333,0.6667,21225,10540
SC7,sc7,LayerInj,combo2,auditd+syslog,0.5,0,3,0.3333,0.3333,0.3333,24568,12159
SC7,sc7,LayerInj,combo2,zeek+syslog,0.5,0,3,0.3333,0.3333,0.3333,16267,8119
SC7,sc7,LayerInj,combo2,auditd+zeek,0.5,1,3,0.6667,0.3333,0.6667,21225,10547
SC7,sc7,LayerInj,combo2,auditd+syslog,0.5,1,3,0.3333,0.3333,0.3333,24568,12171
SC7,sc7,LayerInj,combo2,zeek+syslog,0.5,1,3,0.3333,0.3333,0.3333,16267,8114
SC7,sc7,LayerInj,combo2,auditd+zeek,0.5,2,3,0.6667,0.3333,0.6667,21225,10658
SC7,sc7,LayerInj,combo2,auditd+syslog,0.5,2,3,0.3333,0.3333,0.3333,24568,12321
SC7,sc7,LayerInj,combo2,zeek+syslog,0.5,2,3,0.3333,0.3333,0.3333,16267,8185
SC7,sc7,LayerInj,combo2,auditd+zeek,0.5,3,3,0.3333,0.3333,0.3333,21225,10473
SC7,sc7,LayerInj,combo2,auditd+syslog,0.5,3,3,0.0,0.0,0.0,24568,12233
SC7,sc7,LayerInj,combo2,zeek+syslog,0.5,3,3,0.3333,0.3333,0.3333,16267,8082
SC7,sc7,LayerInj,combo2,auditd+zeek,0.5,4,3,0.3333,0.3333,0.3333,21225,10542
SC7,sc7,LayerInj,combo2,auditd+syslog,0.5,4,3,0.0,0.0,0.0,24568,12153
SC7,sc7,LayerInj,combo2,zeek+syslog,0.5,4,3,0.3333,0.3333,0.3333,16267,8067
SC7,sc7,LayerInj,combo2,auditd+zeek,0.25,0,3,0.6667,0.3333,0.6667,21225,5245
SC7,sc7,LayerInj,combo2,auditd+syslog,0.25,0,3,0.3333,0.3333,0.3333,24568,6069
SC7,sc7,LayerInj,combo2,zeek+syslog,0.25,0,3,0.3333,0.3333,0.3333,16267,4028
SC7,sc7,LayerInj,combo2,auditd+zeek,0.25,1,3,0.3333,0.3333,0.3333,21225,5220
SC7,sc7,LayerInj,combo2,auditd+syslog,0.25,1,3,0.0,0.0,0.0,24568,6062
SC7,sc7,LayerInj,combo2,zeek+syslog,0.25,1,3,0.3333,0.3333,0.3333,16267,4072
SC7,sc7,LayerInj,combo2,auditd+zeek,0.25,2,3,0.3333,0.3333,0.3333,21225,5285
SC7,sc7,LayerInj,combo2,auditd+syslog,0.25,2,3,0.0,0.0,0.0,24568,6166
SC7,sc7,LayerInj,combo2,zeek+syslog,0.25,2,3,0.3333,0.3333,0.3333,16267,4103
SC7,sc7,LayerInj,combo2,auditd+zeek,0.25,3,3,0.3333,0.3333,0.3333,21225,5307
SC7,sc7,LayerInj,combo2,auditd+syslog,0.25,3,3,0.0,0.0,0.0,24568,6221
SC7,sc7,LayerInj,combo2,zeek+syslog,0.25,3,3,0.3333,0.3333,0.3333,16267,4112
SC7,sc7,LayerInj,combo2,auditd+zeek,0.25,4,3,0.3333,0.3333,0.3333,21225,5218
SC7,sc7,LayerInj,combo2,auditd+syslog,0.25,4,3,0.0,0.0,0.0,24568,5967
SC7,sc7,LayerInj,combo2,zeek+syslog,0.25,4,3,0.3333,0.3333,0.3333,16267,3955
SC7,sc7,LayerInj,combo2,auditd+zeek,0.1,0,3,0.3333,0.3333,0.3333,21225,2080
SC7,sc7,LayerInj,combo2,auditd+syslog,0.1,0,3,0.0,0.0,0.0,24568,2429
SC7,sc7,LayerInj,combo2,zeek+syslog,0.1,0,3,0.3333,0.3333,0.3333,16267,1643
SC7,sc7,LayerInj,combo2,auditd+zeek,0.1,1,3,0.3333,0.3333,0.3333,21225,2064
SC7,sc7,LayerInj,combo2,auditd+syslog,0.1,1,3,0.0,0.0,0.0,24568,2487
SC7,sc7,LayerInj,combo2,zeek+syslog,0.1,1,3,0.3333,0.3333,0.3333,16267,1741
SC7,sc7,LayerInj,combo2,auditd+zeek,0.1,2,3,0.3333,0.3333,0.3333,21225,2079
SC7,sc7,LayerInj,combo2,auditd+syslog,0.1,2,3,0.0,0.0,0.0,24568,2494
SC7,sc7,LayerInj,combo2,zeek+syslog,0.1,2,3,0.3333,0.3333,0.3333,16267,1639
SC7,sc7,LayerInj,combo2,auditd+zeek,0.1,3,3,0.3333,0.3333,0.3333,21225,2061
SC7,sc7,LayerInj,combo2,auditd+syslog,0.1,3,3,0.0,0.0,0.0,24568,2456
SC7,sc7,LayerInj,combo2,zeek+syslog,0.1,3,3,0.3333,0.3333,0.3333,16267,1609
SC7,sc7,LayerInj,combo2,auditd+zeek,0.1,4,3,0.3333,0.3333,0.3333,21225,2142
SC7,sc7,LayerInj,combo2,auditd+syslog,0.1,4,3,0.0,0.0,0.0,24568,2444
SC7,sc7,LayerInj,combo2,zeek+syslog,0.1,4,3,0.3333,0.3333,0.3333,16267,1630
SC7,sc7,LayerInj,multi,auditd+suricata+syslog+zeek+tracee,1.0,0,3,0.6667,0.6667,0.6667,222046,222046
SC7,sc7,LayerInj,multi,auditd+suricata+syslog+zeek+tracee,1.0,1,3,0.6667,0.6667,0.6667,222046,222046
SC7,sc7,LayerInj,multi,auditd+suricata+syslog+zeek+tracee,1.0,2,3,0.6667,0.6667,0.6667,222046,222046
SC7,sc7,LayerInj,multi,auditd+suricata+syslog+zeek+tracee,1.0,3,3,0.6667,0.6667,0.6667,222046,222046
SC7,sc7,LayerInj,multi,auditd+suricata+syslog+zeek+tracee,1.0,4,3,0.6667,0.6667,0.6667,222046,222046
SC7,sc7,LayerInj,multi,auditd+suricata+syslog+zeek+tracee,0.75,0,3,0.6667,0.6667,0.6667,222046,166392
SC7,sc7,LayerInj,multi,auditd+suricata+syslog+zeek+tracee,0.75,1,3,0.6667,0.6667,0.6667,222046,166261
SC7,sc7,LayerInj,multi,auditd+suricata+syslog+zeek+tracee,0.75,2,3,0.6667,0.6667,0.6667,222046,166422
SC7,sc7,LayerInj,multi,auditd+suricata+syslog+zeek+tracee,0.75,3,3,0.6667,0.6667,0.6667,222046,166395
SC7,sc7,LayerInj,multi,auditd+suricata+syslog+zeek+tracee,0.75,4,3,0.6667,0.6667,0.6667,222046,166552
SC7,sc7,LayerInj,multi,auditd+suricata+syslog+zeek+tracee,0.5,0,3,0.6667,0.6667,0.6667,222046,110640
SC7,sc7,LayerInj,multi,auditd+suricata+syslog+zeek+tracee,0.5,1,3,0.6667,0.6667,0.6667,222046,110880
SC7,sc7,LayerInj,multi,auditd+suricata+syslog+zeek+tracee,0.5,2,3,0.6667,0.6667,0.6667,222046,110855
SC7,sc7,LayerInj,multi,auditd+suricata+syslog+zeek+tracee,0.5,3,3,0.6667,0.6667,0.6667,222046,110939
SC7,sc7,LayerInj,multi,auditd+suricata+syslog+zeek+tracee,0.5,4,3,0.6667,0.6667,0.6667,222046,111264
SC7,sc7,LayerInj,multi,auditd+suricata+syslog+zeek+tracee,0.25,0,3,0.6667,0.6667,0.6667,222046,55294
SC7,sc7,LayerInj,multi,auditd+suricata+syslog+zeek+tracee,0.25,1,3,0.6667,0.6667,0.6667,222046,55668
SC7,sc7,LayerInj,multi,auditd+suricata+syslog+zeek+tracee,0.25,2,3,0.6667,0.6667,0.6667,222046,55418
SC7,sc7,LayerInj,multi,auditd+suricata+syslog+zeek+tracee,0.25,3,3,0.6667,0.6667,0.6667,222046,55434
SC7,sc7,LayerInj,multi,auditd+suricata+syslog+zeek+tracee,0.25,4,3,0.6667,0.6667,0.6667,222046,55781
SC7,sc7,LayerInj,multi,auditd+suricata+syslog+zeek+tracee,0.1,0,3,0.6667,0.6667,0.6667,222046,22068
SC7,sc7,LayerInj,multi,auditd+suricata+syslog+zeek+tracee,0.1,1,3,0.6667,0.6667,0.6667,222046,22338
SC7,sc7,LayerInj,multi,auditd+suricata+syslog+zeek+tracee,0.1,2,3,0.6667,0.6667,0.6667,222046,22163
SC7,sc7,LayerInj,multi,auditd+suricata+syslog+zeek+tracee,0.1,3,3,0.6667,0.6667,0.6667,222046,22167
SC7,sc7,LayerInj,multi,auditd+suricata+syslog+zeek+tracee,0.1,4,3,0.6667,0.6667,0.6667,222046,22352
